created_at;profile_image_url;description;location;username;name;followers_count;following_count;tweet_count;listed_count;topic_id;twitter_user_id
"2021-06-15T13:39:54.000Z";"https://pbs.twimg.com/profile_images/1629390308680302594/6bw8JWCk_normal.jpg";"NATURE I TRAVEL I LANDSCAPE I ADVANTURE I WILDLIFE  I 📸 l The truth is out there👽 🇮🇳";"India ";"rahulrrangari";"Rahul Ramesh Rangari";"1052";"1427";"476";"0";"7";"1404795614953676807"
"2009-06-02T07:15:04.000Z";"https://pbs.twimg.com/profile_images/1566102320923824128/Nkr4RAkt_normal.jpg";"🇸🇬 Terence with one "r". Chief Editor at @techinasia. Interests: tech, media and journalism, crypto, AI and automation. Owns some crypto.";"Singapore";"terenceleejx";"Terence Lee";"7507";"1977";"9931";"306";"9";"44078181"
"2021-03-03T04:10:50.000Z";"https://pbs.twimg.com/profile_images/1423875044598456321/SVjwd6Bb_normal.jpg";"Disrupting the creator economy @socol_io | Building @0xIreneDAO  $SIMP";"Singapore";"Irenezhao_";"Irene Zhao";"192859";"319";"2242";"817";"5";"1366964220768776192"
"2022-02-13T09:37:02.000Z";"https://pbs.twimg.com/profile_images/1529061292283002885/6gIcjhgC_normal.jpg";"Buidling @socol_io 💝
Host & DJ 🎶 vaneszs.h on IG 📸";"undefined";"Vhmq_";"Vanessa Ho";"5890";"378";"321";"26";"5";"1492794667473141761"
"2009-04-05T21:13:26.000Z";"https://pbs.twimg.com/profile_images/1582036031976902656/jY3H6sAO_normal.jpg";"Educator | Digital, Media, Info, Financial Literacy | Global Citizenship Edu | Building relevant, engaging, meaningful education | Co-founder of @arusacademy";"undefined";"alinaamir";"🐘";"2830";"1940";"6907";"14";"15";"29065360"
"2010-03-30T13:51:53.000Z";"https://pbs.twimg.com/profile_images/1559219644791410693/_suf-8dO_normal.jpg";"Romance author, publisher, producer. Founded #romanceclass @romanceclassbks. Adaptation rights repped by Anna Liza Recto-Ruth/Bold MP. Filipino. 🇵🇭 she/her";"Manila, Philippines";"minavesguerra";"Mina";"6201";"1392";"169802";"150";"11";"127871205"
"2018-03-22T10:44:00.000Z";"https://pbs.twimg.com/profile_images/1633144878090825730/ERigz8l3_normal.jpg";"Arjuna & Bhim (अर्जुन व भीम )Awardee. Team India-Pistol shooter. DAV college Chandigarh , PU University Koo@realmanubhaker bhakermanu02@gmail.com";"Goria (Haryana)";"realmanubhaker";"Manu Bhaker🇮🇳";"144360";"879";"1860";"75";"2";"976771469765160960"
"2018-04-24T06:49:20.000Z";"https://pbs.twimg.com/profile_images/988673686113783808/GyGjF9Lw_normal.jpg";"International Table Tennis Player | GOLD medalist at Goldcoast Commonwealth Games 2018 | For queries: rahul@iosindia.com";"India";"manikabatra_TT";"Manika Batra";"163746";"435";"2385";"107";"2";"988671212216897537"
"2011-03-06T15:34:26.000Z";"https://pbs.twimg.com/profile_images/1605210763643490304/8rK7UF1X_normal.jpg";"1인 콘텐츠 기업 대표 겸 직원. 6권의 책을 썼습니다. 최근작은 여자 둘의 비밀 노트 ‘나의 X언니’와 ‘돈의 말들(2023)’ 💵";"undefined";"babamba2020";"김 얀";"64305";"2185";"51382";"364";"11";"261727021"
"2010-04-13T17:15:19.000Z";"https://pbs.twimg.com/profile_images/1096262541171294209/bS80jwSC_normal.jpg";"글쓰고 운동하며 고양이 넷 사람 하나와 같이 삽니다. 팟캐스트 #여둘톡 책 #퀸즐랜드자매로드 #사랑한다고말할용기 #멋있으면다언니 #여자둘이살고있습니다";"망원동 다둥이네";"bestrongnow";"Sunwoo Hwang";"48284";"1887";"87279";"222";"11";"132591895"
"2009-09-05T12:50:12.000Z";"https://pbs.twimg.com/profile_images/721709393767628800/t1dU9_iU_normal.jpg";"Words don't come easy. imagolog@gmail.com 팟캐스트 김혜리의 필름클럽@SBS, 조용한 생활@팟빵";"Seoul";"imagolog";"Haery KIM";"111084";"196";"6773";"551";"11";"71793919"
"2008-10-30T06:45:26.000Z";"https://pbs.twimg.com/profile_images/1511720226920222723/VQ86vETC_normal.jpg";"Freelance writer, editor and content strategist focusing on travel, wellness, luxury and sustainability. @LUXECityGuides @Ricefolk @HealthyHKG @MissFongInHK ✌️";"Hong Kong";"wafflerica";"Erica Fong";"3467";"1712";"3425";"70";"11";"17061303"
"2007-04-15T07:33:26.000Z";"https://pbs.twimg.com/profile_images/1429471213445730312/jXZL9aY3_normal.jpg";"Tatler Hong Kong Deputy Editor & Tatler Homes Editor, Hong Kong @tatlerasia | previously freelance features producer @CNN, staff writer HK Magazine | views mine";"Hong Kong";"andreas_lo";"Andrea Lo 盧敏敏";"3881";"2482";"3075";"118";"13";"4688401"
"2009-05-29T07:47:59.000Z";"https://pbs.twimg.com/profile_images/800737559265484800/SVnw3MnA_normal.jpg";"CEO of content nobody asked for";"Singapore";"plspreeti";"prEEtipls";"20217";"299";"21686";"56";"12";"43293373"
"2009-04-02T21:58:14.000Z";"https://pbs.twimg.com/profile_images/1355046429367152642/-7uyhLbm_normal.jpg";"Freelance journalist: editing @semafor + writing longreads. Earlier @BBCNewsAsia, @AFP's SE Asia correspondent via BBC London + @IndianExpress in New Delhi.";"London, England";"PreetiJha";"Preeti Jha";"4115";"3994";"1976";"132";"13";"28430142"
"2011-02-06T01:39:24.000Z";"https://pbs.twimg.com/profile_images/378800000433707998/17c4f649d19654a09357d583a2ca58e7_normal.jpeg";"Author of the Punji Trap. Reporter covering much of Asia. Moonlights as an academic in war, media and international relations. @Diplomat_APAC";"Hong Kong - Phnom Penh";"lukeanthonyhunt";"Luke Hunt";"19179";"2715";"3612";"256";"13";"248001658"
"2009-07-09T09:36:26.000Z";"https://pbs.twimg.com/profile_images/1582179661966381058/_X2k9SvC_normal.jpg";"Southeast Asia Editor at @Diplomat_APAC. Author of IN THE DRAGON’S SHADOW (https://t.co/8O3IV7E78T) and HUN SEN’S CAMBODIA (https://t.co/pdYCsY6Evm).";"Adelaide, Australia";"sstrangio";"Sebastian Strangio";"14353";"1575";"16009";"306";"13";"55191191"
"2010-12-21T03:42:08.000Z";"https://pbs.twimg.com/profile_images/1233468117331914752/I6ZQiWLI_normal.jpg";"Editor at @kiripost and do a little bit of stringing for @Reuters in Phnom Penh. Send me story tips to prak dot chanthul at gmail dot com";"Cambodia";"prakchanthul";"Chan Thul Prak";"18370";"3904";"5812";"245";"13";"228948446"
"2019-03-22T07:56:21.000Z";"https://pbs.twimg.com/profile_images/1109001935200227328/4QgsHQIK_normal.jpg";"♥️ これは私の唯一のTwitterです。 ins：Shika.xiaolu_lu 写真本&电子写真Fantia通販中https://t.co/rMEBqYOAEV 中文版电子图：https://t.co/yCEo60rzAs";"Tokyo-to, Japan";"Shika42516408";"Shika🦌";"181213";"81";"586";"924";"5";"1109000851358519296"
"2010-01-01T04:16:01.000Z";"https://pbs.twimg.com/profile_images/1838376613/__m_normal.jpg";"gente común";"Tokyo Japan";"veracruz777";"veracruz";"13367";"4708";"249919";"136";"4";"100899292"
"2013-06-26T13:02:47.000Z";"https://pbs.twimg.com/profile_images/1518030655728373762/xH03eK31_normal.jpg";"Lawyer & Hong Kong human rights activist | Fellow, @GeorgetownCAL | Hong Kong Law & Policy Substack | Former HK political prisoner still fighting for justice";"Washington, DC";"SamuelBickett";"Samuel Bickett";"21572";"389";"1859";"73";"11";"1548159062"
"2013-08-10T09:13:21.000Z";"https://pbs.twimg.com/profile_images/1512060209476235286/7lBKsuAJ_normal.jpg";"An affable young man living in Japan. 🎥. Creator of Abroad in Japan Youtube Channel (2M Subscribed) 🎞";"Tohoku, Japan";"AbroadInJapan";"Chris Broad";"430519";"211";"9211";"668";"7";"1659679688"
"2009-05-30T21:21:47.000Z";"https://pbs.twimg.com/profile_images/1528374271407378434/cngzQWHr_normal.jpg";"Welsh 🏴󠁧󠁢󠁷󠁬󠁳󠁿 Voice Actor & YouTuber. @Elgato Partner // Email:  cdawgvapr@geexplus.co.jp //
I stream sometimes at https://t.co/U3F54jxYic";"Tokyo, Japan.";"CDawgVA";"Connor";"887660";"934";"21518";"883";"10";"43596071"
"2010-12-19T19:38:07.000Z";"https://pbs.twimg.com/profile_images/1550792184269398016/n54PZMTd_normal.jpg";"Yes my name is Garnt. I talk about anime for a job. Business Inq: giggukpr@geexplus.co.jp";"undefined";"GiggukAZ";"Gigguk";"851405";"611";"6360";"918";"8";"228456219"
"2021-07-09T13:55:47.000Z";"https://pbs.twimg.com/profile_images/1413499365453225989/Xc4Xmzy-_normal.jpg";"Always thinking about Lunch.";"Japan";"gourmetmei";"Meilyne";"133017";"333";"779";"126";"5";"1413497060058288135"
"2013-08-07T00:40:10.000Z";"https://pbs.twimg.com/profile_images/1565723193679425537/3EbhsPku_normal.jpg";"Founder @nonsensejapan // 1/3 @trashtastepod // My music @ikurru // Business: theanimemanpr@geexplus.co.jp";"Japan";"TheAn1meMan";"Joey Bizinger";"942970";"399";"4929";"1047";"8";"1651594488"
"2014-01-08T01:32:27.000Z";"https://pbs.twimg.com/profile_images/1480047827053314053/Ftjw323G_normal.jpg";"hey friends 👋 ヤッホー";"Japan";"akidearest";"Akidearest";"548068";"474";"1596";"608";"8";"2281401692"
"2021-03-15T14:12:48.000Z";"https://pbs.twimg.com/profile_images/1638849565976858624/qvRYzoqf_normal.jpg";"fan acct :)🧚 #DonBelle: my home.🐨";"1998 ♡ 2002";"donbelleluvver";"Berna🦖";"4439";"268";"69128";"7";"12";"1371464233469177860"
"2022-05-09T09:35:18.000Z";"https://pbs.twimg.com/profile_images/1639878587062042626/xNWLYTNK_normal.jpg";"#𝑫𝒐𝒏𝑩𝒆𝒍𝒍𝒆; 𝒕𝒂𝒏𝒈𝒊𝒏𝒈 𝒑𝒂𝒉𝒊𝒏𝒈𝒂˙ᵕ˙
@donnypangilinanᥫ᭡@bellemariano02";"tink♡nato";"donstutoch4ever";"𝙇𝙞𝙯𝙯ᥫ᭡";"2747";"882";"29844";"1";"12";"1523597389801549825"
"2009-08-07T12:07:22.000Z";"https://pbs.twimg.com/profile_images/1225323427759681536/Py9bVe8J_normal.jpg";"cute";"undefined";"mainedcm";"Maine Mendoza";"6728407";"355";"4558";"1698";"12";"63701775"
"2016-11-28T11:32:08.000Z";"https://pbs.twimg.com/profile_images/1581933763751448576/2NEkOm_i_normal.jpg";"luke 1:37❤️";"Cagayan De Oro City, Northern Mindanao";"maymayentrata07";"Maymay";"2843262";"163";"2781";"161";"5";"803199792369180673"
"2018-05-03T08:32:32.000Z";"https://pbs.twimg.com/profile_images/1601622348473724929/QWA4MtZ6_normal.jpg";"🤍";"undefined";"ZeinabHarake11";"Zebby";"7392941";"84";"628";"145";"5";"991958674909286400"
"2018-05-26T04:17:41.000Z";"https://pbs.twimg.com/profile_images/1610506599982071810/ZlTY07hW_normal.jpg";"business.mikasalamanca@gmail.com";"undefined";"mikslmnc";"Mika Salamanca";"3978529";"1240";"18354";"146";"10";"1000229461856530432"
"2012-07-06T23:22:18.000Z";"https://pbs.twimg.com/profile_images/1630858693888860160/IfSycB-1_normal.jpg";"";"kusina";"MissMarisRacal";"Maris Racal";"3912087";"551";"14396";"265";"12";"628808642"
"2019-10-04T23:22:52.000Z";"https://pbs.twimg.com/profile_images/1530577523196985344/BCfPtdSq_normal.jpg";"💦";"undefined";"princess_thea14";"baby_thea";"1335956";"14";"2167";"37";"12";"1180262001253089280"
"2010-06-03T18:00:37.000Z";"https://pbs.twimg.com/profile_images/1447931063037222917/IbFzigWY_normal.jpg";"🇮🇩 Indonesia's Chess Professional ▪️🏆 Two-time Asian Champion ▪️👩‍🎓 M.A. Webster Uni '17 ▪️FORBES 30 Under 30 Honoree";"Jakarta Capital Region";"irene_sukandar";"Irene Sukandar";"23777";"405";"3138";"80";"14";"151561894"
"2015-03-15T17:41:33.000Z";"https://pbs.twimg.com/profile_images/1101437058504118277/Sdp8k9b3_normal.png";"Indian Chess Grandmaster.
All views expressed are personal.
https://t.co/mdzVu7KLnp
https://t.co/2fkKPnzfkv…";"Chennai";"adhibanchess";"Adhiban Baskaran";"28829";"510";"1050";"232";"14";"3086225424"
"2013-09-20T12:41:47.000Z";"https://pbs.twimg.com/profile_images/883948350726299652/M4SZlw7b_normal.jpg";"Asian Champion🥇National🥇🥇Commonwealth Champion🥇🥇🥇World Team🥈Olympiad Team🥉Olympiad individual 🥉🥉Arjuna Awardee. Red Bull Athlete. Commentator. 🇮🇳";"undefined";"TaniaSachdev";"Tania Sachdev";"63778";"198";"5432";"629";"14";"1886392608"
"2011-07-22T11:25:12.000Z";"https://pbs.twimg.com/profile_images/1595845069088559104/q8JiTmGx_normal.jpg";"#uew booking: robb@supermodifiedagency.com";"Outerspace";"DJRayRay_Taiwan";"R҉A҉L҉I҉E҉N҉I҉N҉J҉A҉";"5084";"889";"7842";"40";"16";"340244679"
"2011-12-06T21:38:27.000Z";"https://pbs.twimg.com/profile_images/1179607157051805697/5p8bjk-f_normal.png";"I'm Japanese. live in Japan I use high performance translation because I don't understand English.
Inaccurate translations may be included.
I watch PewDiePie";"Kobe Japan";"woiiw";"🇯🇵Naoemon Japan";"101845";"40831";"2578";"208";"10";"430192464"
"2015-12-23T01:08:08.000Z";"https://pbs.twimg.com/profile_images/1385375263941304328/jAZlcG-p_normal.jpg";"I help people learn languages well. Especially Japanese. 150K subs on YouTube.

Business inquiries: business@mattvsjapan.com";"大阪";"mattvsjapan";"Matt vs Japan";"13174";"354";"2278";"78";"15";"4634333330"
"2020-12-12T04:11:28.000Z";"https://pbs.twimg.com/profile_images/1338269180525649921/kAPA4Xxb_normal.jpg";"Check out my YouTube channel I made to show the British how it’s done https://t.co/AxT6SS9Z1f";"undefined";"ryotarosjapan";"Ryotaro’s Japan";"26815";"33";"214";"47";"10";"1337610818649636864"
"2018-07-21T12:09:57.000Z";"https://pbs.twimg.com/profile_images/1625104943534444546/33D5VYU-_normal.jpg";"Tiktok | Twitch | Cosplay 🫡 enjoy your Sunday! if it’s not Sunday then too bad for u";"ig: rurusama9";"rurusama9";"RURUSAMA9 🖤 KIRBYRURU 🌱";"88573";"326";"3911";"79";"5";"1020642030840569856"
"2018-05-05T07:06:06.000Z";"https://pbs.twimg.com/profile_images/1433043342493847553/vYIVBf0D_normal.jpg";"I’m RuRu, a piano youtuber from Taiwan, making piano covers and sheets of Anime&Game music.🎹 Youtube🔍Ru’s Piano";"undefined";"ruruspiano";"Ru's Piano Ru味春捲";"15367";"51";"431";"47";"5";"992661699009306624"
"2018-06-20T11:45:18.000Z";"https://pbs.twimg.com/profile_images/1539510290681069569/Xvbt0UeC_normal.jpg";"";"🔕 Do not use/repost my works";"SS_utr3N";"てけ";"19403";"36";"3159";"106";"8";"1009401802603704320"
"2021-06-22T10:55:48.000Z";"https://pbs.twimg.com/profile_images/1516253646027386888/IgaGBXGu_normal.jpg";"Chief Operating Officer @KyrosVentures, @coin68. Partner at @Ancient8_gg, Ex-@HuobiGlobalVN. #WomenInCrypto #Blockchain and I have 8 cats 🐱";"undefined";"jennykyros68";"Jenny Nguyen";"12367";"130";"202";"71";"14";"1407290260791316480"
"2021-11-03T04:01:53.000Z";"https://pbs.twimg.com/profile_images/1591750608813686784/I2AkMP7y_normal.jpg";"Head of Social Operations @Kucoincom
Founder @raremints_

IG: https://t.co/OvE8uBL17x";"undefined";"timmtsai";"Tim Tsai";"18493";"198";"316";"6";"9";"1455747005850869769"
"2018-07-12T04:55:37.000Z";"https://pbs.twimg.com/profile_images/1485522462981103618/5FUckcP-_normal.jpg";"Virtual Human / from Tokyo / Fashion Model & Producer / English account : @imma__en 🧠⚡️💘";"現実と空想の狭間";"imma__jp";"imma";"10908";"159";"1389";"68";"5";"1017271237762953216"
"2016-04-21T18:58:39.000Z";"https://pbs.twimg.com/profile_images/1516264802095546368/1b9gmoA6_normal.jpg";"Former TV host turned $BGB hodler, world traveler. ✈️

MD @bitgetglobal 🫡 #Bitget

Writing daily #crypto insights with tips on personal growth and finance. ✍️";"Bitget Global";"GracyBitget";"Gracy Chen";"196909";"206";"925";"54";"9";"723224444752158720"
"2019-05-10T16:44:23.000Z";"https://pbs.twimg.com/profile_images/1602763787018174464/d3du863n_normal.jpg";"Head of Pear X @pearvc 🍐
Previously Product @doordash, @uber, @cameo, @a16z 💻
@stanfordgsb / @ycombinator W20 🌲";"undefined";"joandthezhus";"Jo Zhu 🍊";"4282";"1669";"515";"71";"9";"1126890737809772544"
"2010-03-22T14:41:46.000Z";"https://pbs.twimg.com/profile_images/1560934904653029376/cdOXlZ3N_normal.jpg";"Managing Director @tzapac | #WomenofWeb3 | #Buidl on Tezos with us at https://t.co/35DvOb5J8e";"KL - JKT - MEL - SG";"kathyjah";"Katherine Ng";"2574";"2095";"6358";"55";"9";"125350320"
"2010-02-01T03:55:22.000Z";"https://pbs.twimg.com/profile_images/1470821655647715328/X1JS-Sp-_normal.jpg";"Managing Partner @ambergroup_io. Previously: @airswap | @deutschebank | @carnegiemellon alum";"Singapore";"_annabellehuang";"Annabelle Huang";"3928";"673";"424";"68";"14";"110318853"
"2009-12-08T06:59:06.000Z";"https://pbs.twimg.com/profile_images/1633000692179963905/T9MngELI_normal.jpg";"🇲🇾. your #web3 mom. Founder @8sianNFT | Advising @8consultant | #bitcoin #NFA";"Metaverse";"8sianmom";"8sianmom📍NFTLA🇺🇸";"10125";"2447";"10729";"41";"9";"95370227"
"2009-05-08T10:07:01.000Z";"https://pbs.twimg.com/profile_images/1612328451259912197/Al7k9qxs_normal.jpg";"I love to chew on chutoro 🍣 

💼 Business Development @projectPXN 
🖋️ Web3 writer 
👸Co-founder of @web3womensg
🏅Pokemon trainer";"Paldea Region";"Chewtoro";"Chewtoro";"54408";"2357";"16103";"221";"5";"38639301"
"2022-01-23T10:44:41.000Z";"https://pbs.twimg.com/profile_images/1598473890678059008/0F2OYUuz_normal.jpg";"Certified AMA Host / Builder 👑💫 IVY AMBASSDOR @BBRCOfficial x IVYBOYS Team @MemoticsNFT 🤍";"BKK / THAILAND";"MsF0m0";"Boquet 🥨🥖🥯";"8955";"2387";"9279";"18";"5";"1485201703347830790"
"2021-09-13T12:52:42.000Z";"https://pbs.twimg.com/profile_images/1638989151130484736/_TGu58qt_normal.jpg";"I’m just a human bean-ing | Full-Time Dreamer, Sometimes Artist ✨ | Co-Founder: @sgnftcreators @web3womensg 🇸🇬 | Prev @metajamasia @shop_defi";"Singapore";"ellaces";"ellaces.eth 🍒🧙🏻‍♂️";"2754";"1503";"10407";"16";"3";"1437398777409671168"
"2016-02-02T03:01:19.000Z";"https://pbs.twimg.com/profile_images/1549285033206513665/ur-rNBhq_normal.jpg";"Co-founder and Editor-in-Chief of @PANONYgroup @panewsCN, @ForbesUnder30 2020";"Shanghai，China";"tongtongbee";"Tongtong Bee 🐝";"7230";"1169";"1049";"123";"9";"4847257392"
"2012-11-11T00:12:01.000Z";"https://pbs.twimg.com/profile_images/1616500437318000640/yCe-XOOw_normal.jpg";"🌏 Uplifted 2 million+ lives via online education 
✨ $8M product launch revenue @mindvalley 
💜 Sharing insights on A.I., Productivity and Life Freedom";"Singapore";"zenaschin";"Zenas Chin 🔮";"1466";"977";"4532";"31";"15";"940225472"
"2015-11-05T15:25:22.000Z";"https://pbs.twimg.com/profile_images/1575894288462143489/lsuPeQpJ_normal.jpg";"Team @0xbrotherhood｜Building @HomiClub";"she/her";"stylebymandii";"Amanda";"15776";"484";"5712";"12";"5";"4136277854"
"2022-01-21T12:23:41.000Z";"https://pbs.twimg.com/profile_images/1558486422734372864/NGXq9qUI_normal.jpg";"𝐖𝐞𝐛 2.5 𝐀𝐫𝐭𝐢𝐬𝐭 / 𝐁𝐮𝐢𝐥𝐝𝐞𝐫 ♡ CM @Hertz_city ♡ Mod @zoofrenzNFT ♡ Ambassador @RedactedCorp ♡ Team @0xKoiPond @VOMOcorp || @ByAnons @0xbrotherhood";"Hong Kong";"kahei_art";"Ka Hei :›";"4384";"2752";"5510";"21";"3";"1484501868525264896"
"2015-10-31T11:29:21.000Z";"https://pbs.twimg.com/profile_images/1543841716221775872/VgkUSgfj_normal.png";"We are an English couple who have decided to leave the country to #explore and experience the real world! Currently living the digital nomad life in SE Asia!";"Vietnam";"two_tall_travel";"Two Tall Travellers";"2738";"1803";"4706";"66";"7";"4079163014"
"2015-09-21T12:42:34.000Z";"https://pbs.twimg.com/profile_images/645945639776350208/3ZlPmjRJ_normal.png";"A Guide to Stylish Living
#BlackHistoryMonth
#BlackLivesMatter
#BlackVoicesMatter
#LGBTHM21";"undefined";"laviezine";"La Vie Zine";"5667";"2946";"50339";"19";"7";"3637843213"
"2009-08-16T14:54:07.000Z";"https://pbs.twimg.com/profile_images/1293257471687979008/lfWrHOG2_normal.jpg";"PR & Marketing , Artist Manager ❤";"ÜT: 13.76149,100.580847";"inkmodel";"Inkmodel";"14365";"1247";"7149";"9";"3";"66126858"
"2009-09-09T16:18:56.000Z";"https://pbs.twimg.com/profile_images/1559341391406579714/BO8ZDxoc_normal.jpg";"Splitting my time between a 4-day work week and a 3-day weekend travelling. Writer at @ThaiTrainGuide and editor at @ThaiNewsReports.";"Paknam, Samut Prakan, Thailand";"RichardBarrow";"Richard Barrow";"203694";"198";"106318";"2414";"7";"72888855"
"2007-04-06T13:03:38.000Z";"https://pbs.twimg.com/profile_images/751132689873375232/kWzWrtTw_normal.jpg";"Personal account of @SaksithCNA, @ChannelNewsAsia Thailand Correspondent. More busy on my work account. Nordisch by Nature. Views are personal.";"Bangkok, Thailand";"Saksith";"Saksith Saiyasombut";"18976";"772";"46081";"577";"13";"3618041"
"2010-02-21T09:23:02.000Z";"https://pbs.twimg.com/profile_images/1339748460753526784/mnnsnQvX_normal.jpg";"Thai woman, incorrigible teaser of Thai society and politics 👻. Animal lover, occasional misanthrope.";"Thailand 4.0";"Thai_Talk";"kaewmala 🌻🌻 .|||.";"40493";"1073";"179710";"492";"11";"116141566"
"2011-05-14T11:34:11.000Z";"https://pbs.twimg.com/profile_images/1103331324868190209/djmn_MZ0_normal.jpg";"Photozombie for @AFP in Thailand. Apathetic Gooner. Mother of Pigeons. RTs probably endorsements, but not always. they/them/pidge";"Bangkok, Thailand";"TheLilyfish";"Lillian Suwanrumpha";"5469";"3543";"17529";"208";"13";"298478363"
"2009-10-21T13:11:47.000Z";"https://pbs.twimg.com/profile_images/1385480103283466242/4M1ZwIzs_normal.jpg";"ปิ๊ง ฐิตาภา สิริพิพัฒน์ - Journalist / Author #HowToBeSingleInBKKCity #WomenInTech #WomensRight supporter ☎️ Work (Line ID : @jurysiri)";"BKK,Thailand";"Pink_Siripipat";"Thitapa Siripipat";"19878";"598";"35436";"93";"9";"84077357"
"2010-03-17T15:58:51.000Z";"https://pbs.twimg.com/profile_images/1448978031129743364/fpvToTmM_normal.jpg";"Director of Progressive Movement Foundation - Former MP - Deputy Leader of Future Forward Party - Consultant - views are my own";"Bkk, thailand";"Kunthida_FWP";"Kunthida R.";"96368";"553";"6617";"102";"14";"123907907"
"2020-02-01T05:08:19.000Z";"https://pbs.twimg.com/profile_images/1612735112231411720/Gr6YpDeP_normal.jpg";"Award-winning digital & broadcast journalist | Cover: civil rights, politics, global news, gender | Translator l วศินี พบูประภาพ พลอย👩🏽‍💻";"undefined";"WPabuprapap";"Wasinee P.";"36661";"622";"9300";"105";"13";"1223473075057881096"
"2011-10-23T05:20:26.000Z";"https://pbs.twimg.com/profile_images/1465886328541773825/KOKKCayk_normal.jpg";"#KongGreenGreen แชร์เรื่องแยกขยะบ้าง การเมืองบ้าง นู่นนี่นั่นบ้าง";"undefined";"kongchanut";"Kong Chanut";"14473";"341";"3432";"21";"10";"396371797"
"2009-08-23T16:27:11.000Z";"https://pbs.twimg.com/profile_images/1537990619649351680/dmXZtEnT_normal.jpg";"Avocado Books Co-founder | TV host | Actor | Writer l traveler | podcaster | เลิกเรียกครูได้แล้วววว | Work: jakkriz@gmail.com, Line: jakkriz";"Thailand";"JakkritTomTom";"ทอมทอม เลิกเรียกครูเถอะครับบบ";"291243";"2038";"156573";"161";"12";"68178222"
"2018-07-09T03:30:45.000Z";"https://pbs.twimg.com/profile_images/1016162906566586368/kyJPKXIf_normal.jpg";"ทำให้เรื่อง #ภาษี #บัญชี #การเงิน เป็นเรื่องสนุก และทวิตเรื่องที่อยากเล่า จะติดตามก็ได้ ไม่ติดตามก็ได้ แต่ถ้าติดต่องาน : conTAXBugnoms@gmail.com";"Thailand";"TAXBugnoms";"TAXBugnoms";"85036";"0";"4671";"92";"14";"1016162716434640896"
"2009-11-01T04:11:13.000Z";"https://pbs.twimg.com/profile_images/1116359067553787904/d5xjfM91_normal.jpg";"คนสอนหนังสือ รัฐศาสตร์ ธรรมศาสตร์/ วิชาการ ประวัติศาสตร์ การเมือง การศึกษา วรรณกรรม หนังสืบสวน Jazz ลิเวอร์พูล";"undefined";"bkksnow";"prajak kong";"349852";"1741";"9588";"260";"15";"86658130"
"2014-06-29T02:21:47.000Z";"https://pbs.twimg.com/profile_images/1041887012272234496/ckU51V19_normal.jpg";"Life is too short , Creative Director Advertising agency , CEO,Founder :@catsterClub , @Kingdomoftigers Volunteer, Traveller around the world";"undefined";"nutchlimited";"Mali";"24538";"1487";"47073";"11";"7";"2594068573"
"2016-02-15T19:22:03.000Z";"https://pbs.twimg.com/profile_images/1493593489971593220/9L__5LGU_normal.jpg";"ไม่ได้เป็นนักข่าว แค่ชอบเสือก";"พระนคร, กรุงเทพมหานคร";"sayompoo_eric";" Eric 💛🇹🇭 รักสถาบัน ( not all ทุกทวิต )";"46590";"1422";"95989";"47";"13";"4912566457"
"2014-01-11T14:42:31.000Z";"https://pbs.twimg.com/profile_images/1585700390091517952/zfPptoQp_normal.jpg";"| การออมการลงทุน | ครูญี่ปุ่น | รีวิว | ให้คำปรึกษาด้านประกันทุกชนิดฟรี | ใบอนุญาตแนะนำการลงทุน #MDRT2022 #MDRT2023 #AgentOfTheYear2021
#EaaawInvestment 👈";"ติดต่องานทางไลน์ @Eaaaw (มี@)✌";"Eaaaw";"Eaaaw";"105040";"1128";"93415";"94";"15";"2286750120"
"2016-07-10T03:31:43.000Z";"https://pbs.twimg.com/profile_images/1566201754622087168/FGrQ2403_normal.jpg";"🇧🇷(🇰🇷/🏳️‍🌈). criador de conteúdo, pai de lagostinhas, amo prantinhas, gosto de uns animes, curioso sla etc. contato@victorhan.com.br";"Sao Paulo, Brazil";"victorrhan";"Victor Han";"119944";"844";"30650";"35";"10";"751982203018543104"
"2008-10-19T14:32:12.000Z";"https://pbs.twimg.com/profile_images/1569925260946059265/Ylip5vop_normal.jpg";""คิดถึงเทคโนโลยี คิดถึงซี" I https://t.co/z4dXt8ys2r I ติดต่องาน LINE OA : @ceeforwork";"Bangkok,Thailand";"ceemeagain";"ceemeagain";"373258";"1814";"14109";"1334";"1";"16851578"
"2008-01-19T07:10:28.000Z";"https://pbs.twimg.com/profile_images/799189859730472961/qFxuV_Gm_normal.jpg";"Founder, Kafedam Group; Co-founder of Nation Multimedia Group, Bangkok, Thailand.";"undefined";"suthichai";"suthichai";"3103552";"2824";"114076";"5364";"1";"12425692"
"2009-02-22T02:46:30.000Z";"https://pbs.twimg.com/profile_images/1575354126908915713/eRIa4q07_normal.jpg";"WOODYTALK - WOODY FM";"Bangkok";"Woodytalk";"WOODY";"3338937";"1153";"20823";"3520";"1";"21539210"
"2009-07-12T18:33:07.000Z";"https://pbs.twimg.com/profile_images/1253714477943406592/MZlz5d66_normal.jpg";"ดร.ปานระพี รพิพันธุ์ PhD (Information Technology);TV presenter; MC; Founder of iT24Hrs (TV, online) Lecturer / IG, tiktok, CH @panraphee /for jobs 080-2345023";"Bangkok, Thailand";"panraphee";"Panraphee ปานระพี";"1326427";"183";"35862";"1448";"1";"56156439"
"2009-06-26T00:42:27.000Z";"https://pbs.twimg.com/profile_images/1624426699978076163/wizFdg11_normal.jpg";"Sportscaster,Thailand. Liverpool FC supporter. https://t.co/EYp6RENPMW My IG : @ninanaka";"Bangkok ";"ninanaka";"NINA ◡̈ ♡";"718092";"708";"81941";"1122";"1";"50845248"
"2017-09-09T00:18:15.000Z";"https://pbs.twimg.com/profile_images/1555545499297452033/rHndNKVe_normal.jpg";"GMMTV | Artist";"กรุงเทพมหานคร, ประเทศไทย";"dew_jsu";"Dewjsu";"913623";"34";"452";"406";"12";"906310748564971520"
"2010-08-24T07:12:23.000Z";"https://pbs.twimg.com/profile_images/928946929353887744/gbJMwErC_normal.jpg";"เป็นนักแสดง เป็นนักร้อง เป็นหมอ เป็นให้เธอได้ทุกทุกอย่างแต่ไม่ได้เป็นตัวจิ๊ง , ☁️ for work : 092-2966978 (k.pear)";"Bangkok, Thailand";"PuimekSter";"ปุยเมฆสะเต้อ";"739209";"416";"92372";"263";"5";"182279606"
"2010-05-02T12:24:32.000Z";"https://pbs.twimg.com/profile_images/1527095252753887233/13IEuMhY_normal.jpg";"มุก วรนิษฐ์ ถาวรวงศ์ / GmmTV";"Bangkok, Thailand";"MookWorranit";"Mook Worranit";"1452913";"424";"60292";"291";"12";"139379061"
"2015-01-15T04:02:38.000Z";"https://pbs.twimg.com/profile_images/1605791014173966336/MoVatCex_normal.jpg";"For work : 092-424-9236 (K.note) Line : @charcri42 Founder of @nudies_official";"undefined";"FiatAngelo";"FIAT";"1493677";"150";"20444";"618";"12";"2983484922"
"2014-02-02T17:43:07.000Z";"https://pbs.twimg.com/profile_images/989743531458637825/WRw3Ic36_normal.jpg";"Contact For Work: 091-914-6566 (P'yuii)";"undefined";"ssingss";"Ssing Cheewagaroon";"1107913";"202";"14667";"666";"12";"2324101986"
"2011-05-30T08:38:38.000Z";"https://pbs.twimg.com/profile_images/1637319863042719744/hxNfESOF_normal.jpg";"ꕤ⋆⁺₊⋆ ˚9🐥ꔛ7🐹🐻ꔛ5💖💚⋆⁺₊⋆ ˚ WARNING⚠️ 99% fangirling content";"𝙅𝙎 ’𝙨 𝙈𝙖𝙢𝙖";"tontawan_t";"ㄸu";"416176";"252";"57815";"267";"1";"307782840"
"2018-09-24T10:37:12.000Z";"https://pbs.twimg.com/profile_images/1499426801109864448/RR98x4PE_normal.jpg";"| ig view.benyapa | GMM TV | for work : 094-235-5419 ( K.Kwang )";"กรุงเทพมหานคร, ประเทศไทย";"view_benyapa";"วว";"68304";"121";"1697";"87";"1";"1044173902468067328"
"2010-06-21T15:26:03.000Z";"https://pbs.twimg.com/profile_images/1357401679365242881/II7fue3S_normal.jpg";"I'm a daughter  &

♬ PR © LOVEiS♪

                            ' Nobody's Perfect '
                                🌻🐱💗🌞🍀
🌏 ◡̈👫♡🏡🐈🐈💕🗝💝🌅";"LOVEiS Entertainment";"VernLoveis";"เหวิน";"10090";"192";"56179";"16";"5";"158024511"
"2013-08-10T10:20:16.000Z";"https://pbs.twimg.com/profile_images/1532723917227405312/R9W_7dpj_normal.jpg";"#โอลลี่ไทป์ Work: Jirakitk.contact@gmail.com";"Bangkok";"Toptap_jirakit";"Toptap";"1188600";"313";"35583";"797";"5";"1659753438"
"2010-07-30T11:25:31.000Z";"https://pbs.twimg.com/profile_images/1244669905426731008/KofwHGgl_normal.jpg";"ไม่ได้ชื่อพีช";"undefined";"piiazzetta";"Piiazzetta";"8636";"412";"18191";"26";"3";"172705160"
"2012-04-03T02:18:49.000Z";"https://pbs.twimg.com/profile_images/1484811806447390720/MfCjMeHU_normal.jpg";"₍ 𝚛𝚎𝚟𝚒𝚎𝚠 , 𝚎𝚟𝚎𝚛𝚢𝚝𝚑𝚒𝚗𝚐 ₎ 𝗆𝗒 𝖽𝖺𝗂𝗅𝗒 𝗅𝗂𝗏𝖾 ꗯ̤̮ ॰｡ཻ˚✿⃣🍊📒🎨 ⸝ ⸝ 𝙞𝙜 : 𝙡𝙖𝙡𝙖._.𝙡𝙖𝙣𝙙𝙭𝙭  | ( รับรีทวิต )";"contact for work DM / line ➿";"marauisxx";"lalaland";"114264";"857";"29081";"161";"3";"543901322"
"2016-10-07T02:30:03.000Z";"https://pbs.twimg.com/profile_images/1616347694678831108/CPDgQzfj_normal.jpg";"🌷🥯🪒🥧 |🥓ig : hamkdyy |tiktok : hamkdy (แคปไปลงปรับ10000) link Aff";" Contact work via dm";"Hamkdy_";"ham";"133834";"1614";"85750";"74";"5";"784219207474950144"
"2021-04-03T15:27:15.000Z";"https://pbs.twimg.com/profile_images/1625902635466489856/p105YfEb_normal.jpg";"https://t.co/f90FGkd3q3";"undefined";"a_happy_color";"루";"28467";"161";"2174";"130";"3";"1378368477044514816"
"2018-01-29T00:55:24.000Z";"https://pbs.twimg.com/profile_images/1341007926144602114/D4p0kqK3_normal.jpg";"เป็นซึมเศร้า•เป็นนักแสดง•เขียนหนังสือด้วย•เป็นแม่แมวโม่•เจ้าหญิงแห่งวงการฟูลอกส์•ชอบเล่นเครื่องสำอาง•ติดต่องานได้ที่คุณบัว 096-628-2451, line: Buaknot ค่ะ ❤️❤️";"Changwat Nonthaburi, Thailand";"charoenpura";"ITRC 😼กล้ามากกกกกกที่จะไม่กลับไปรักเธอ!";"494869";"433";"28643";"217";"5";"957779174726356992"
"2018-02-15T16:21:00.000Z";"https://pbs.twimg.com/profile_images/1606289264463196160/tQtdfSgw_normal.jpg";"Associate Professor. Author of several books including “A Plastic Nation: The Curse of Thainess in Thai-Burmese Relations”. A refugee. An activist.";"Japan";"PavinKyoto";"Pavin";"529082";"547";"2459";"162";"11";"964172701794369537"
"2014-11-02T08:54:04.000Z";"https://pbs.twimg.com/profile_images/1578082814330687489/SfIaeyAn_normal.jpg";"เจ้าของเพจ ซีนิว วิวเว่อร์ 4k | ติดต่องาน line : kwoncnew 🤏🏼 #สมรสเท่าเทียม 🏳️‍🌈 #ยกเลิก112";"bangkok";"cnew888";"อย่าให้รู้นะ รู้แล้วบอกด้วยㅋㅋ";"405005";"202";"14425";"69";"1";"2887191906"
"2009-07-19T15:33:32.000Z";"https://pbs.twimg.com/profile_images/1636760281820053505/4uqdCKdi_normal.jpg";"Executive director of https://t.co/Njwj7uOQOf // Time Magazine Next Generation Leaders 2015 // Instagram: @johnwinyu";"ÜT: 13.740289,100.572163";"johnwinyu";"John Winyu";"2015843";"1550";"124647";"1018";"1";"58219570"
"2011-01-05T07:22:39.000Z";"https://pbs.twimg.com/profile_images/1633358049544114176/nzi2zQJI_normal.jpg";"Weeranan Kanhar (Jeep), NewsAnchor and Reporter @VoiceTVofficial";"Bangkok Thailand";"weeranan";"weeranan";"130161";"2045";"91972";"251";"7";"234274515"
"2019-07-23T07:13:05.000Z";"https://pbs.twimg.com/profile_images/1594735390497599489/yjfmmTgA_normal.jpg";"ข่าวจริง น่าเชื่อถือ มืออาชีพ | Content Creator @Thestandardth";"Ratchathewi, Bangkok";"Sun_Paisan";"Sun_THE STANDARD";"5899";"519";"7101";"16";"9";"1153563669285916672"
"2018-02-24T02:02:42.000Z";"https://pbs.twimg.com/profile_images/1399989255686877184/tveKZraF_normal.jpg";"HK | Just posting photos I like";"undefined";"FishMonkeyCow_";"Fishmonkeycow";"12650";"453";"2389";"142";"5";"967218195986751490"
"2017-11-01T09:37:59.000Z";"https://pbs.twimg.com/profile_images/1464600772868390913/COh2OOiB_normal.jpg";"พี่วันที่โคฟเป็นพี่เมบางที 🐱 พี่วัน พี่เม น้องรุ้ง 👩🏻‍🦰👩🏻👩🏼 #ฟ้าหลังฝนมีรุ้งเสมอ 🌈🕊";"undefined";"wwwwww1101";"wwww ||| 🐱";"2229";"78";"8808";"2";"5";"925658166024478720"
"2020-09-13T09:07:14.000Z";"https://pbs.twimg.com/profile_images/1305865424127565830/G-9zTKoq_normal.jpg";"Patsaravalee Tanakitvibulpon";"undefined";"Mindpatsrvl";"Mind Patsaravalee";"103237";"72";"811";"89";"15";"1305070471663083521"
"2010-04-10T13:20:26.000Z";"https://pbs.twimg.com/profile_images/790790552019054592/2J4gPUyj_normal.jpg";"Thai Attorney,Co-Founder, Deputy Director at Thai Lawyers for Human Rights. International Women of Courage. Views expressed are my own. Retweets ≠ endorsements.";"Thailand";"JCharoensiri";"June Sirikan";"7844";"335";"3300";"56";"11";"131502046"
"2020-03-21T18:07:59.000Z";"https://pbs.twimg.com/profile_images/1253951009165963264/79J6HeA6_normal.jpg";"🏳️‍🌈 | GRAPHICS DESIGNER | ACTIVE CITIZEN | EQUALITY | HUMAN RIGHTS";"undefined";"JamesPanumas";"James Panumas";"6946";"22";"444";"4";"2";"1241426284720181248"
"2009-12-29T13:12:44.000Z";"https://pbs.twimg.com/profile_images/1580589550745038850/Qh5yDDsG_normal.jpg";"น้ำหนึ่งไปไหนจะไปด้วย
ig yamyanchao";"undefined";"yamyummy";"เจ๊แต๋ว";"100458";"838";"233160";"43";"2";"100221994"
"2021-06-27T06:56:34.000Z";"https://pbs.twimg.com/profile_images/1605186115287146497/v5uljxZV_normal.jpg";"not political advice, #thecuriousbar, #abbc";"undefined";"thecuriousdan2";"dan";"13185";"187";"29715";"12";"11";"1409042869378191365"
"2017-12-10T11:03:40.000Z";"https://pbs.twimg.com/profile_images/1574786725649739776/20wj76BL_normal.jpg";"웰컴합니다 | 💌bongbongus@naver.com";"undefined";"HappyBongbongus";"taptaptoptop";"2883";"305";"935";"5";"11";"939812855783636995"
"2009-07-31T12:37:43.000Z";"https://pbs.twimg.com/profile_images/1544594958149369856/vny5OwFW_normal.jpg";"ติดตาม #กฎหมายใหม่ #ประชุมสภา รณรงค์สู่การ #เขียนรัฐธรรมนูญใหม่ อยากเห็นการมีส่วนร่วมของประชาชน Support public participation in law making process with @iLawFX";"Thailand";"iLawclub";"iLawClub";"239104";"315";"21590";"375";"11";"61760897"
"2009-07-15T14:43:23.000Z";"https://pbs.twimg.com/profile_images/991682625956790277/v455X-cj_normal.jpg";"I've nothing to say, cos you'd judge me anyway. Hate me? Block me. 

Contact business@naomineo.com

https://t.co/7mI9vCCdps";"undefined";"NaomiNeo_";"Naomi Neo";"416777";"600";"40814";"161";"11";"57034487"
"2009-11-21T13:39:41.000Z";"https://pbs.twimg.com/profile_images/1395830880657051648/pnmvfFkA_normal.jpg";"IG - @speishi • hello@speishi.com";"Singapore";"speishi";"Peishi Soh";"162623";"60";"68643";"70";"13";"91573146"
"2009-01-12T21:57:26.000Z";"https://pbs.twimg.com/profile_images/1582761998823346177/QPuYe9xI_normal.jpg";"YouTuber https://t.co/gQxnbtjB7Y https://t.co/r5eQ05OXES";"Malaysia";"Jinnyboy";"Jin Lim 🏴";"278816";"765";"26421";"193";"12";"18917343"
"2009-11-05T09:53:10.000Z";"https://pbs.twimg.com/profile_images/1358584680090537985/rs3BSCDA_normal.jpg";"Digital Native 
|| The Ming Thing / One Two Juice / Takeaway Table ||
 📬: contact@blankslate.works";"Kuala Lumpur City";"dmingthing";"ming";"10317";"259";"32049";"36";"13";"87653986"
"2009-08-21T10:44:50.000Z";"https://pbs.twimg.com/profile_images/1629448933171937281/hOAoBdjN_normal.jpg";"🌕🌖🌗🌘👽🌒🌓🌔🌕";"Singapore";"toshrock";"Tosh La Rock";"293401";"545";"28772";"132";"13";"67577830"
"2011-06-27T17:33:22.000Z";"https://pbs.twimg.com/profile_images/1602309644567064576/ekVtkLLy_normal.jpg";"@987FM Producer/Presenter | @987ShockCircuit, Weekdays 6 - 10am | Host | Actor | VO-Artiste | Sports https://t.co/J6MqWQ8oNo";"Singapore";"JoakimGomez";"Joakim Gomez";"18800";"1289";"33949";"25";"13";"325059717"
"2009-09-22T09:54:30.000Z";"https://pbs.twimg.com/profile_images/1122695505744515073/vC_wTmcz_normal.jpg";"We still doing this huh
We make things - The Ming Thing, Takeaway Table, OneTwoJuice";"PJ, Malaysia.";"mingasaur";"mingy";"4565";"420";"27081";"12";"13";"76295041"
"2009-08-13T13:48:54.000Z";"https://pbs.twimg.com/profile_images/1573162606667317249/4JjraWr0_normal.jpg";"My 1/1 @jxmietxn";"Singapore";"DanialRon";"Danial Ron";"11340";"1033";"75500";"32";"5";"65365894"
"2008-11-13T04:47:53.000Z";"https://pbs.twimg.com/profile_images/641882582016090112/MBhYE2N9_normal.jpg";"Fitness Trainer at Barry’s Bootcamp based in Singapore";"Singapore";"fayhokulani";"FAYDED";"5860";"265";"8877";"96";"4";"17357808"
"2013-01-26T17:58:56.000Z";"https://pbs.twimg.com/profile_images/1383582576934219778/Hthlr6Sa_normal.jpg";"I'm pretending to be an adult ....it's not easy but, I think it's working. I'm also trying acting 🇦🇺🇵🇭";"undefined";"WildpipM";"Bob Morley";"594009";"554";"4290";"951";"11";"1122732866"
"2009-07-05T21:43:12.000Z";"https://pbs.twimg.com/profile_images/696618851664986113/_4UPm4pZ_normal.jpg";"DJ / Producer / Artist Manager / Label Director / Boss Bitch / Bright Hair Enthusiast - Bookings: contact@crewless.com.au";"Melbourne, Australia";"djhollyj";"Holly-J";"3206";"101";"3212";"18";"7";"54016272"
"2010-05-21T12:42:47.000Z";"https://pbs.twimg.com/profile_images/1364885159925870594/ftH2NvIW_normal.jpg";"🧡";"Lol idek";"narellekheng";"Narelle";"12595";"480";"1151";"30";"10";"146437142"
"2009-04-30T22:51:42.000Z";"https://pbs.twimg.com/profile_images/1545119011481915392/m32phEHL_normal.jpg";"Songwriter & Music maker.";"East Region, Singapore";"sezairi";"SEZAIRI 🌤️";"51061";"691";"21263";"129";"8";"36800569"
"2009-03-28T04:55:46.000Z";"https://pbs.twimg.com/profile_images/1592927737030889476/CbJFU6Bj_normal.jpg";"She/her 👩🏻‍💻 🇸🇬 Managing Editor @mekongreview. Writer @wethecitizenssg. Member @tjc_singapore. Leebit and HAN Quokka enthusiast.";"Singapore";"kixes";"Kirsten Han 韩俐颖";"30292";"1102";"99272";"437";"5";"27182288"
"2018-07-03T20:01:25.000Z";"https://pbs.twimg.com/profile_images/1024211399243792385/KUiJq2jg_normal.jpg";"“Lmfao skrrrrt girl you funny” - Albert Einstein";"Singapore";"iamfarahlola";"LOLA";"12255";"190";"2815";"16";"8";"1014237696565235713"
"2009-08-29T09:58:05.000Z";"https://pbs.twimg.com/profile_images/1500144660756385792/0x6_bHmR_normal.jpg";"Senior Reporter at @SCMPNews in Singapore. Previously covering the city-state, now watching Chinese foreign policy. dewey.sim@scmp.com";"Singapore";"deweysim";"Dewey Sim 沈炜淳";"4755";"1451";"622";"67";"8";"69835675"
"2009-10-20T10:36:22.000Z";"https://pbs.twimg.com/profile_images/1626750606219309057/_inTSTWl_normal.jpg";"just an artist 🤷🏻‍♀️";"🇸🇬🇺🇸";"inchchua";"inch";"4199";"562";"555";"97";"12";"83816651"
"2009-06-13T14:37:22.000Z";"https://pbs.twimg.com/profile_images/1544754785223835649/H6q7B9en_normal.jpg";"a mellow high with extra spice 🏳️‍🌈 • she/her";"Singapore";"wordweed";"Brenda";"2649";"397";"47992";"8";"12";"46895632"
"2012-02-05T04:49:21.000Z";"https://pbs.twimg.com/profile_images/1301906314453426182/sGXjy4nV_normal.jpg";"Writer, researcher, facilitator and community organiser.";"Singapore";"Kokilaparvathi";"Kokila Annamalai";"2501";"363";"779";"15";"12";"483563636"
"2014-09-26T01:08:10.000Z";"https://pbs.twimg.com/profile_images/1408478096634744833/n59M6iVM_normal.jpg";"Social Worker @tjc_singapore @home_migrantssg";"Singapore ";"jolovanwham";"Jolovan Wham";"5484";"349";"2486";"46";"5";"2832429217"
"2011-07-24T17:53:36.000Z";"https://pbs.twimg.com/profile_images/1405958077644349442/OMQwaIA9_normal.jpg";"Youtuber. Singapore. IG: @ridhwannabe ridhwan@crayeightstudios.com";"Singapore";"RidhwanAzman";"Ridhwan F² Azman";"22575";"814";"41646";"31";"5";"341629045"
"2007-01-05T10:18:24.000Z";"https://pbs.twimg.com/profile_images/1590016056566853632/CBY6QqeH_normal.jpg";"LEE Kin Mun, Blogfather of Singapore, satirist, writer, lyricist, traveler, photographer, podcaster. Papa of Faith, Isaac & Joy. (🦣:https://t.co/YKrKEiPyo2)";"Singapore";"mrbrown";"mrbrown";"416025";"7503";"65460";"1238";"10";"574253"
"2009-07-21T17:40:11.000Z";"https://pbs.twimg.com/profile_images/1375854440901570561/i-sAp9x0_normal.jpg";"Music arranger, producer, songwriter, composer. Full-time Man U fan. I can never describe how much Music means to me. Currently residing in Singapore.";"Singapore";"angjunyang";"Hong Junyang";"4168";"265";"3751";"57";"12";"58861733"
"2021-11-20T15:10:25.000Z";"https://pbs.twimg.com/profile_images/1622573293386739725/sR_NLDbh_normal.jpg";"level up, stay curious // everyday learnings, consistent good habits ✨";"Singapore";"patrinechoo";"Patrine 구미연";"2188";"422";"1266";"7";"12";"1462075812039987209"
"2010-06-30T11:13:03.000Z";"https://pbs.twimg.com/profile_images/1200467875632304128/VzsBNuYH_normal.jpg";"Dreamer+Youtuber

Facebook +Instagram =SuperPrincessjo
📸 S U B S C R I B E ❤
🎥 https://t.co/46aSwLeSud
📩 jo.princessjo@gmail.com";"India + Singapore ";"Superprincessjo";"SuperPrincessjo";"2016";"149";"16639";"50";"14";"161254396"
"2019-01-10T12:46:51.000Z";"https://pbs.twimg.com/profile_images/1564552400194912257/_BjsCz03_normal.jpg";"। अहं ब्रह्मास्मि ।";"New Delhi, India";"realsehajpal";"Pratik Sehajpal";"120846";"28";"3279";"32";"14";"1083344415656214528"
"2014-01-11T11:51:41.000Z";"https://pbs.twimg.com/profile_images/1591698829966856192/Z8L6y-aV_normal.jpg";"An Actor by profession/ official Instagram https://t.co/3WzgfSvlZH";"Mumbai ";"iamkamyapunjabi";"Kamya Shalabh Dang";"361726";"140";"7950";"111";"14";"2286516338"
"2021-08-05T17:22:08.000Z";"https://pbs.twimg.com/profile_images/1530977416457474050/eZvNCPzO_normal.jpg";"Thinker.. Dreamer.. Go Getter 🤘🏼";"Mumbai, India";"TheNishantBhat";"Nishant Bhat";"43374";"77";"1252";"6";"16";"1423333290224721921"
"2021-08-18T14:06:04.000Z";"https://pbs.twimg.com/profile_images/1519592581256015872/q62s6FtN_normal.jpg";"ɢʀᴀᴛᴇғᴜʟ♥️✨ @realsehajpal";"undefined";"PrernaSehajpal";"Prerna Sehajpal";"37527";"9";"5759";"5";"10";"1427994869260193795"
"2010-06-14T13:39:58.000Z";"https://pbs.twimg.com/profile_images/1607665624976875520/UxM8TWVt_normal.jpg";"https://t.co/SrRm3kTF4Y ,https://t.co/cYYUG29LRT for SNAPCHAT @gauaharkhan 🙆🏼";"undefined";"GAUAHAR_KHAN";"Gauahar Khan";"3047558";"223";"17905";"530";"15";"155561448"
"2015-06-21T05:29:15.000Z";"https://pbs.twimg.com/profile_images/1562786352638242817/7o87uHBv_normal.jpg";"Actor, Interior Designer, Animal lover, Health Junkie .......umm....still discovering myself on this wonderful Journey called Life❤️";"undefined";"ShamitaShetty";"Shamita Shetty 🦋";"142359";"60";"6295";"107";"10";"3251305220"
"2010-04-13T07:41:41.000Z";"https://pbs.twimg.com/profile_images/822566167931973632/ziIdb8VE_normal.jpg";"Actor :) Dreamer! Human , Loves #SalmanKhan!                                                  officialaneri@gmail.com";"mumbai";"aneri_vajani";"Aneri Vajani";"32515";"402";"6077";"42";"5";"132445843"
"2009-12-11T14:23:37.000Z";"https://pbs.twimg.com/profile_images/1570434043216289792/1wA5r29Y_normal.jpg";"Well an actor by profession,Love to Sing & enjoy travelling….Dancing is my childhood love & Faith in God is my mantra to keep myself happy & positive.";"Mumbai, India";"Devoleena_23";"Devoleena Bhattacharjee";"98877";"187";"10806";"65";"5";"96135256"
"2017-03-04T15:59:00.000Z";"https://pbs.twimg.com/profile_images/1577203404555763717/-36zW4Iy_normal.jpg";"Cinematic Night Photography";"teemu.jpeg @ IG";"teemusphoto";"Teemu.jpeg";"38410";"278";"3583";"446";"8";"838056188277370880"
"2020-11-25T04:03:30.000Z";"https://pbs.twimg.com/profile_images/1632365504525631490/wpxapno-_normal.jpg";"เฌอเอม / 永夢 / MISS GRAND LAMPHUN 2023⭐ and a nyctophile🦋
Thailand work contact 0648245691 (K.Dol) / Instagram​: cheraims / Tiktok: real.cheraims";"Thailand";"realcheraims";"CHERAIM / 永夢 💜 ゆう";"75140";"362";"6522";"29";"14";"1331447852657123329"
"2010-08-21T05:15:20.000Z";"https://pbs.twimg.com/profile_images/1171966140551090176/Z9lG-Ch4_normal.jpg";"photography / cityscape, street snap, landscape / α7RⅣ, α7Ⅳ, Q2 Monochrome";"Osaka";"nyaoayn";"naok-α";"105820";"280";"20408";"1190";"9";"181066414"
"2019-07-24T06:25:12.000Z";"https://pbs.twimg.com/profile_images/1488793244549136386/Zo-fY3cy_normal.jpg";"佐賀出身、東京在住、旅したいなんでも撮りたくなっちゃう人/フリーランスフォトグラファー/ / NFT→ https://t.co/3TDuZRHeMm /https://t.co/EBGAUqaXab";"undefined";"shiifoncake";"しふぉん";"112826";"262";"7551";"1266";"5";"1153914005532004352"
"2020-09-03T07:54:32.000Z";"https://pbs.twimg.com/profile_images/1489538275681652739/6ZFooVfo_normal.jpg";"Photographer/Director | ストリートフォト、赤外線写真、風景、ポートレートなど。写真はメディア欄を見てもらえると嬉しいです。 NFT https://t.co/Np3HnbN422 YouTube https://t.co/CQ1tWf9Ybr";"関東";"uyjpn";"yuuui";"53466";"838";"35863";"691";"9";"1301428310975500288"
"2010-07-29T15:49:41.000Z";"https://pbs.twimg.com/profile_images/999230413322121216/I3QwVU9__normal.jpg";"【ものづくり&写真】Creator / Photographer / Art / NFT▶︎https://t.co/WiXbJijlEZ Brand▶︎https://t.co/qMiUHqKi1i";"undefined";"cram_box";"omi";"119786";"785";"43839";"1318";"9";"172385031"
"2017-04-11T14:11:00.000Z";"https://pbs.twimg.com/profile_images/1598092158527246342/beXNXkvN_normal.jpg";"Photographer // Artist on @SuperRare💎 // @admit0001🎟 // NFT https://t.co/of3yA5HClq / https://t.co/ZqLEm6Len3";"Somewhere in Japan";"Hisa0808";"Hisa";"142959";"845";"36287";"1381";"9";"851799747937550336"
"2021-06-03T14:03:43.000Z";"https://pbs.twimg.com/profile_images/1620443775528210434/D8-sPdEg_normal.jpg";"Co-Founder @htp96_community | Admin TradeMomNevaDie | Gem Hunter: https://t.co/KLSE5DDTjp";"Singapore";"DesmondDoss555";"Desmond T. Doss 🇻🇳";"15562";"98";"1304";"206";"14";"1400453100217913351"
"2012-04-17T05:32:06.000Z";"https://pbs.twimg.com/profile_images/1362428922260975620/spcsKJ0r_normal.jpg";"Some snapshots and adventures from my life in North Japan! ⛩💫✨ Come chill with me on YouTube! 🤗🍡💞";"Sendai, Japan 🇯🇵 NEW VIDEO ↓";"heyitssharla";"Sharla✨";"156391";"194";"52265";"537";"9";"555702683"
"2021-04-22T18:10:57.000Z";"https://pbs.twimg.com/profile_images/1602667493696638977/1ZIPtMat_normal.jpg";"Gamer / Vlogger / Head Coach for @teamflash_gg MLBB @MplPhilippines 🇵🇭 @MplCambodia 🇰🇭 📩: jomay.dizon@gmail.com";"space";"zicoofficial_";"Zico";"151384";"116";"2787";"19";"5";"1385295014507384834"
"2012-03-09T09:20:31.000Z";"https://pbs.twimg.com/profile_images/1130579293350719488/lsxMtRWf_normal.jpg";"Actor • Events Host • YouTuber // Business enquiries: noahyap93@gmail.com";"Instagram @OnlyNoah";"TrulyNoah";"Noah Yap 叶荣耀";"165144";"322";"17594";"66";"5";"519332561"
"2009-03-20T13:38:54.000Z";"https://pbs.twimg.com/profile_images/1162614809621225472/06Zag4Zi_normal.jpg";"@sezairi writes songs about me";"+65";"syasyapuff";"Syaza Qistina Tan";"666";"672";"17614";"8";"3";"25503818"
"2015-03-11T18:03:25.000Z";"https://pbs.twimg.com/profile_images/1613693594719731716/6UbvcZOO_normal.jpg";"Athlete, Ex Semi-pro gamer | It costs 0 ETH to be a kind person. ⛩️ #SpacesHost of "CounterTalk" Core Team | @Expedition_Labs";"Republic of Croatia";"Real_n3xt";"N3XT";"9102";"1031";"21705";"44";"9";"3087421864"
"2007-08-31T06:34:56.000Z";"https://pbs.twimg.com/profile_images/1615951487762567169/GasEtGKZ_normal.jpg";"Japan is my religion. Blogging for 19 years sharing hidden gems of Japan to the world. ❤️🇯🇵";"Japan";"cheesie";"cheesie　チージー";"23464";"123";"28198";"262";"15";"8552342"
"2017-08-05T06:04:27.000Z";"https://pbs.twimg.com/profile_images/1565621824498835456/wT810so8_normal.jpg";"Youtube: https://t.co/nsCqXojYQz Twitch: https://t.co/v8bT0ahMUF Insta: @/emirichuu Shop: https://t.co/MwPPX4tCEJ Fan-art: #emirichu or #emirillust";"Japan";"EmirichuYT";"Emirichu 🍓";"510327";"951";"11083";"502";"5";"893714295564910592"
"2017-08-28T06:45:15.000Z";"https://pbs.twimg.com/profile_images/1595253315796770817/6xolpee__normal.jpg";"I make animations on Youtube and watch too much anime ^o^ #vtuber Art tag: #wolfychuart 💙 https://t.co/LQGal3pbpo";"Twitch: WolfychuLIVE";"wolfychuuu";"Wolfychu ❄️";"166966";"173";"3162";"280";"3";"902059487065915396"
"2014-04-26T00:54:04.000Z";"https://pbs.twimg.com/profile_images/1520488197645611008/j-YjV4lI_normal.jpg";"An anime visual entertainment studio based in Tokyo & Singapore 

Lead Writer & Director: @Merrydawg 
Artists tagged in respective comics";"Tokyo, Japan";"Merryweatherey";"Merryweather Media";"1129176";"993";"12868";"2305";"7";"2463867379"
"2009-08-05T03:56:25.000Z";"https://pbs.twimg.com/profile_images/1595575803562971136/vyWIBp6G_normal.jpg";"DM for commission info (limited).  
💖Support me here! https://t.co/qeQlIKKGr6💖";"undefined";"Norman_Maggot";"MAGGOT666";"272258";"3770";"41730";"1238";"7";"63025162"
"2019-07-08T06:47:07.000Z";"https://pbs.twimg.com/profile_images/1630679798455435265/YXu9VxBK_normal.jpg";"🥇1st Hentai A.I. Cam Girl
🧪 Science Team
💻 3D/2D Streamer
✏️ Fan Art: #Mel34
🔧 Live2D: @henxtie + Rig: @iron_vertex

✨️🔞 https://t.co/qGruPkRGcn";"Isekai'd to Casting Couch";"ProjektMelody";"Projekt Melody 💜 VSHOJO";"618885";"1520";"10532";"1547";"3";"1148121315943075841"
"2018-10-07T21:52:23.000Z";"https://pbs.twimg.com/profile_images/1596544125838540800/yWIuDjNm_normal.jpg";"★ 𝐏𝐮𝐧𝐤 𝐚𝐬𝐬 𝐕𝐭𝐮𝐛𝐞𝐫 ★ #BreedBrigade ★ YouTube https://t.co/akl5i8uh5i ★ Twitch https://t.co/bfC0BCRYhL ★ Fansly https://t.co/jiSz1tqwFf ★ Art #FeFeArt";"More FeFe ➤";"CovfefeChan";"FeFe";"359014";"502";"91410";"645";"7";"1049054859520090113"
"2016-09-17T21:54:22.000Z";"https://pbs.twimg.com/profile_images/1616638671091810307/_8yb_aW8_normal.jpg";"im a degen #VTUBER ☀

@_Silvervale_ is a qt 💦 @sodapoppintv is one too ;3

veibae@mythictalent.com for business 📈📈

#veibae for fanart";"youtube.com/c/VeiTWITCH";"Veibae";"vei 🌥 VSHOJO";"548998";"492";"5463";"1453";"13";"777264456871149568"
"2011-06-15T12:39:16.000Z";"https://pbs.twimg.com/profile_images/1631962194392018944/L-kRxQCy_normal.jpg";"Dream something bigger and better ✨";"Makati City";"jaiyieee";"Jai Asuncion ☕️";"1619993";"193";"69842";"58";"11";"317755902"
"2014-07-23T14:07:03.000Z";"https://pbs.twimg.com/profile_images/1555826992041193472/ZMuhRNA3_normal.jpg";"📝 writes at https://t.co/kNho64Ur1L | Financial Activist | Passed CFP, not financial planner | 💪 Feminist | link to website + BUY MY BOOKS 👇";"Kuala Lumpur Malaysia";"surayaror";"Suraya: bestselling Bergaji & Pokai book";"65392";"2189";"60389";"291";"13";"2673974569"
"2016-06-02T22:58:06.000Z";"https://pbs.twimg.com/profile_images/1620561976886968320/oC5zwvDv_normal.jpg";"Microeconomics prof | I work at @MITSloan @TheASBMBA @asean_center but ALL views are mine | IO, Market Design, Public, Labor, Migration | IG: melatireads";"Kuala Lumpur Federal Territory";"melatinungsari";"Melati 👩🏾‍🏫🌊🌺📊🔮";"6339";"4979";"35668";"30";"9";"738504995759263744"
"2015-10-28T13:10:23.000Z";"https://pbs.twimg.com/profile_images/1463014840771887104/NTuKjDNT_normal.jpg";"I hate air jagung. Teaching videos are all under #nazirateaching YouTube Channel: Cikgu Nazira Roslee Instagram: /naziraroslee";"undefined";"ieralee";"Nazira";"10107";"1312";"18126";"24";"14";"4046817679"
"2009-01-18T14:13:54.000Z";"https://pbs.twimg.com/profile_images/1522760564224651264/E6Vd13Eh_normal.jpg";"Co-Founder at The Learning Curve (@stemtrooper), Airgro (@airgrofarms) & Parti Aspirasi Sains Malaysia (@PASSPusat) #GengSains🪐";"Malaysia";"ruffleseed";"𝙆𝙀𝙉 🪐";"16861";"663";"48145";"45";"13";"19145055"
"2012-04-28T02:17:42.000Z";"https://pbs.twimg.com/profile_images/1554360182154469377/MHrBeR9e_normal.jpg";"Educator, Scholar & Political Analyst, Focused on Southeast Asia politics, Straight Talk Southeast Asia Podcast, Global citizen (Beloved Shah in photo)";"malaysia";"dririshsea";"Bridget Welsh";"11231";"727";"3760";"88";"10";"565166250"
"2013-06-10T09:26:28.000Z";"https://pbs.twimg.com/profile_images/1310922296861888513/t5gpabyO_normal.jpg";"Senior Principal Assistant Director, Planning and District Education Management Sector,
Sabah State Education Department, Ministry of Education Malaysia";"Malaysia";"fadzlirozan";"MOHD FADZLI ABD ROZAN";"550";"1366";"3018";"1";"12";"1497833120"
"2012-02-19T14:17:09.000Z";"https://pbs.twimg.com/profile_images/1041294426121822216/lAZt1oiZ_normal.jpg";"Non-award winning journalist. Host of the China show. Chief Markets Editor @BloombergTV APAC. Opinions Mine. No investment advice. No endorsements.";"Manila Shanghai Singapore HK";"DavidInglesTV";"David Ingles";"67157";"2166";"9980";"1356";"14";"496997835"
"2008-06-17T09:07:45.000Z";"https://pbs.twimg.com/profile_images/1639392594601066496/QGhzTbL7_normal.jpg";"C-suite @ Mediacorp, ex-MD Google/Twitter. Potential author - 'My white collar gigs in black turban at Google, Apple & Twitter’ Nominated for 40under40 at 41!";"Singapore";"parrysingh";"Parminder Singh";"26762";"1004";"16590";"197";"15";"15143770"
"2014-02-13T09:13:14.000Z";"https://pbs.twimg.com/profile_images/1548854116767903744/o8Rowqmc_normal.jpg";"Indian badminton player 🇮🇳 World no -21 in men doubles.south Asian games 2019 3 Gold medals.Asian badminton championship bronze medalist 2020 . THOMAS CUP 🏆";"hyd.india ";"dhruvkapilaa";"dhruv kapila";"832";"141";"113";"6";"7";"2341671930"
"2017-11-20T14:31:37.000Z";"https://pbs.twimg.com/profile_images/1604557528465031169/QGO9oB7I_normal.jpg";"Indian Badminton Player 🇮🇳
CWG 🥇🥈
Thomas Cup 🥇
All England Open 🥈
World Championship 🥉 
Asian Jr. Championship 🥇
Managed by @baselineventures";"India";"lakshya_sen";"Lakshya Sen";"60463";"64";"607";"48";"13";"932617429208915969"
"2018-05-17T09:28:09.000Z";"https://pbs.twimg.com/profile_images/1559922068770426880/xBTH-GD2_normal.jpg";"Indian Weightlifter - Tokyo Olympic Silver Medallist| For queries-rahul@iosindia.com or  @imrahultrehan";"Manipur, India";"mirabai_chanu";"Saikhom Mirabai Chanu";"431779";"421";"2230";"140";"15";"997046099088166912"
"2017-02-28T07:52:54.000Z";"https://pbs.twimg.com/profile_images/1445600299238903816/LBKROvzd_normal.jpg";"First 🇮🇳 Woman to win a Gold medal at the Paralympics 20🥇🥉|
#PadmaShri I 
#KhelRatna I 
#TOPSAthlete I";"Jaipur, India";"AvaniLekhara";"Avani Lekhara अवनी लेखरा PLY";"62369";"128";"555";"37";"10";"836484306126139392"
"2011-07-13T02:42:51.000Z";"https://pbs.twimg.com/profile_images/1566642777634775041/iIN51f6p_normal.jpg";"6 times AIBA World Women's Boxing Champion.Arjuna,Rajiv Gandhi Khel Ratna,Padma Shri,Padma Bhusan, Padma Vibhushan Awardee.2012 London Olympic Bronze Medalist";"Imphal, India";"MangteC";"M C Mary Kom OLY";"1477087";"45";"1329";"273";"1";"334430754"
"2009-07-19T16:37:53.000Z";"https://pbs.twimg.com/profile_images/1480693709922570240/ZxMlZAAa_normal.jpg";"Former World # 1 Pro Squash Player Proud 🇲🇾 Now on a mission to give back with my foundation  the “Nicol David Organisation” 🐯 Little Legends";"Kuala Lumpur City";"NicolDavid";"Nicol David";"305133";"308";"5630";"331";"1";"58233846"
"2010-06-27T16:31:03.000Z";"https://pbs.twimg.com/profile_images/994110257449394176/Fm_YWkHN_normal.jpg";"Former Captain of the Indian Hockey Team | Olympian (Athens 2004) | Arjuna Awardee | MD & CEO, @OGQ_india";"Mumbai";"virenrasquinha";"Viren Rasquinha";"179817";"909";"6610";"137";"1";"160244513"
"2016-05-05T10:42:48.000Z";"https://pbs.twimg.com/profile_images/766213802819919872/lk7r9EaX_normal.jpg";"Proud Indian. 2016 Summer Olympics Bronze medalist🥉 (58 kg)wrestler. Business Enquires- partnerships@jsw.in";"undefined";"SakshiMalik";"Sakshee Malikkh";"538503";"192";"1014";"210";"1";"728173090027520000"
"2016-08-14T01:05:02.000Z";"https://pbs.twimg.com/profile_images/1448634929563246596/DP93huWo_normal.jpg";"Born Feb 6th I am Aquarius: creative, freedom loving, adventurous. Retired  business woman  enjoying travel and others. 46 countries for now.";"Wiesbaden, Deutschland";"ararewoman";"Sabine";"3877";"3103";"18961";"18";"1";"764628864140189696"
"2011-09-03T13:06:52.000Z";"https://pbs.twimg.com/profile_images/1492854871988801540/Ezv3J9qV_normal.jpg";"Just a series of my private speech";"Kota Kinabalu, Sabah";"cottoncandyme7";"єℓιѕнєєвα ☮♊";"1388";"489";"14719";"1";"12";"367138498"
"2021-10-03T03:09:36.000Z";"https://pbs.twimg.com/profile_images/1458310379579133952/4w02nGxB_normal.jpg";"🦷🇲🇾Dentist | Clear Aligners | Cosmetic Dentistry | Teeth Tweets at #TeethTalkTuesday | Political commentary";"Petaling Jaya, Selangor";"DrShawnPaul";"Dr Shawn Paul Dentist";"3483";"1747";"3071";"7";"5";"1444499792189542400"
"2010-06-23T17:16:28.000Z";"https://pbs.twimg.com/profile_images/1632909325017444355/EXuCPu5u_normal.jpg";"Programmer from Tokyo
AI drawer and art collector
Little crypto guy who loves NFT arts

#web3 #ETH #SOL

#Drawing #NFT #Crypto #Videogames #Programming #Cats";"東京";"HugeJackoNFT";"JackoNFT";"5207";"588";"662";"4";"12";"158790527"
"2013-06-19T04:10:45.000Z";"https://pbs.twimg.com/profile_images/1455245637969235969/3wzYdmcA_normal.jpg";"life is what you make of it✨| RN 🩺| ♎️";"Nowhere Around You ";"_LoveMy_Beautyy";"👑🖤";"2999";"1761";"92063";"5";"12";"1529672863"
"2022-04-29T00:04:59.000Z";"https://pbs.twimg.com/profile_images/1558822407917666305/LqByNThv_normal.jpg";"Guide to train travel in Thailand written by @RichardBarrow | Promoting #RailTourism in Asia at @AsianTrainGuide | Watch 🎥 https://t.co/6jKTeyS0T6";"Thailand, Southeast Asia";"ThaiTrainGuide";"Thai Train Guide";"6107";"16";"3343";"46";"12";"1519829986752208897"
"2009-10-13T01:50:39.000Z";"https://pbs.twimg.com/profile_images/1558247100772601856/NHp1WJc-_normal.jpg";"Photographer, educator, creator. Occasional TV presenter. Music lover. Hasselblad Ambassador, 2015. No NFTs. Much more than a prompt.";"Tokyo and Fukushima";"AlfieJapanorama";"alfie.photography 📷";"10406";"2639";"106790";"233";"1";"81983730"
"2017-12-29T09:11:02.000Z";"https://pbs.twimg.com/profile_images/966404560263589888/rLtHLjsw_normal.jpg";"映像演出家。Chicago出身, ICU卒, Kichijoji住まい. Grandma at heart. Kimonos, tea, cats, culture, and occasional Japanese film info. E/J語❤︎";"Musashino, Tokyo, Japan";"PaprikaGirl_JP";"Paprika Girl";"10215";"1416";"38046";"106";"1";"946669879385456640"
"2008-08-03T10:40:12.000Z";"https://pbs.twimg.com/profile_images/1145271136701186048/PF4cdv71_normal.png";"PhD. Special Lecturer at Kanda University of International Studies.  Japan's Politics/Nationalist Activism/History Disputes/Pop Culture. RT/Likes ≠ endorsements";"Tokyo-to, Japan";"mrjeffu";"Jeffrey J. Hall 🇯🇵🇺🇸";"14186";"2356";"9123";"220";"5";"15709520"
"2010-05-08T22:11:03.000Z";"https://pbs.twimg.com/profile_images/1515129425800855553/eC5mVSYH_normal.jpg";"I am a Japanese photographer who is a country of God.☆    landscape photography　#風景写真  #侘び寂　#NFT 　#JAPAN  　  　  follow back💯 　　
  Opensea :https://t.co/oijMTHhNm4";"Hamamatsu City, Shizuoka, Japa";"kawaiihanachiya";"TOSHIMI HIRAYAMA";"23472";"24230";"38969";"93";"5";"141734114"
"2011-04-16T22:12:38.000Z";"https://pbs.twimg.com/profile_images/1563912506527055873/hZov-qeH_normal.jpg";"Rainy Night Photographer. I find beauty in the mundane 
| Discord https://t.co/095jejUeAC | NFTs https://t.co/CEKekaDpNv | Prints https://t.co/0Fn3vPKPlg 🦇🔊";"Seoul, South Korea";"noealz";"noealz - NYC April 12-26th";"46598";"3334";"19708";"593";"3";"283244090"
"2009-03-20T12:49:04.000Z";"https://pbs.twimg.com/profile_images/1615418633328463875/kg7wDU_H_normal.jpg";"jjlin.eth";"undefined";"JJ_Lin";"JJ Lin";"1081628";"123";"9017";"1333";"3";"25497636"
"2022-04-10T13:06:42.000Z";"https://pbs.twimg.com/profile_images/1546682588412416000/vC5loNSM_normal.jpg";"I am a celebrity, comedian, radio dj and tv host. Learning while transiting from physical to digital assets. Founder @kongcollective #wagmi";"新加坡";"marklee4444";"marklee4444";"5472";"419";"1735";"10";"5";"1513141364350889989"
"2021-02-04T05:40:42.000Z";"https://pbs.twimg.com/profile_images/1564377312883134469/HdcOW2fk_normal.jpg";"@apecoin Special Council | @boredchili : Web3 events, community, podcast 🎙 | @pinkboredapes | prev. @nvidia @apple | autonomous vehicles | Investor | 😺😼";"Metaverse";"veratheape";"Vera 🍌💕🐒";"30490";"1752";"3333";"107";"3";"1357202360292941826"
"2020-02-09T13:12:24.000Z";"https://pbs.twimg.com/profile_images/1571104722261606404/LC-YQ77T_normal.jpg";"Welcome to sns news and trends source about the Prince Of Pop, Top Korean Soloist, 5x Grammy-nominated & PCA winner Jungkook | Fan account ";"🔔Turn on notifications!";"Jungkook_SNS";"Jungkook SNS✨️";"73783";"155";"25381";"748";"5";"1226493993141145601"
"2010-09-24T10:17:58.000Z";"https://pbs.twimg.com/profile_images/700566357553774592/Op6RPizL_normal.jpg";"Namewee 黃明志 – film-maker, musician with latest regional debut album ASIA MOSTED WANT";"Malaysia";"nameweemusic";"Namewee 黃明志";"15917";"933";"3996";"92";"11";"194521830"
"2008-05-08T07:13:41.000Z";"https://pbs.twimg.com/profile_images/1352674666989588480/ucn_z6Y4_normal.jpg";"ผมมาที่นี่เพื่อดูคนหนุ่มสาว";"undefined";"nuishow";"หนุ่ย พงศ์สุข Pongsuk Hiranprueck";"339338";"822";"72476";"1173";"1";"14697365"
"2009-04-01T19:43:41.000Z";"https://pbs.twimg.com/profile_images/1316274490838380544/6mY7BXI8_normal.jpg";"I’m your friend. I write stuff & songs, design learning experiences & seek sunny adventures with my dude & our two young dragons | contact +6010.221.0657";"Kuala Lumpur, Malaysia";"anaraffali";"Ana Raffali";"370785";"769";"22066";"340";"1";"28177296"
"2009-03-09T17:28:16.000Z";"https://pbs.twimg.com/profile_images/673723478214762497/jCySoo9W_normal.jpg";"Film Director, Producer, Actor, Writer, Singer/Songwriter, Presenter";"3.197666,101.745335";"afdlinshauki";"afdlin shauki";"585081";"1763";"16485";"627";"7";"23463101"