username,followers_count,following_count,tweet_count,listed_count,topic_id,twitter_user_id,retrieved_date
rahulrrangari,1060,1425,482,0,7,1404795614953676807,4/1/2023
TheNishantBhat,43372,78,1252,6,16,1423333290224721921,4/1/2023
wordweed,2645,400,47990,8,12,46895632,4/1/2023
Kokilaparvathi,2501,363,779,15,12,483563636,4/1/2023
jolovanwham,5482,349,2487,45,5,2832429217,4/1/2023
RidhwanAzman,22545,814,41646,31,5,341629045,4/1/2023
mrbrown,415773,7494,65528,1238,10,574253,4/1/2023
angjunyang,4163,265,3751,57,12,58861733,4/1/2023
patrinechoo,2190,422,1265,7,12,1462075812039987209,4/1/2023
Superprincessjo,2014,149,16639,50,14,161254396,4/1/2023
realsehajpal,120869,28,3281,32,14,1083344415656214528,4/1/2023
iamkamyapunjabi,361826,140,7950,111,14,2286516338,4/1/2023
PrernaSehajpal,37528,10,5758,5,10,1427994869260193795,4/1/2023
DesmondDoss555,15743,103,1326,209,14,1400453100217913351,4/1/2023
GAUAHAR_KHAN,3047150,223,17908,533,15,155561448,4/1/2023
ShamitaShetty,142424,62,6289,107,10,3251305220,4/1/2023
aneri_vajani,32514,402,6079,42,5,132445843,4/1/2023
Devoleena_23,98785,188,10812,65,5,96135256,4/1/2023
teemusphoto,38653,278,3596,450,8,838056188277370880,4/1/2023
realcheraims,75119,368,6637,29,14,1331447852657123329,4/1/2023
nyaoayn,105742,281,20467,1189,9,181066414,4/1/2023
shiifoncake,113138,263,7586,1272,5,1153914005532004352,4/1/2023
uyjpn,53591,839,35953,693,9,1301428310975500288,4/1/2023
cram_box,119785,785,43937,1315,9,172385031,4/1/2023
inchchua,4197,582,568,93,12,83816651,4/1/2023
deweysim,4752,1451,624,67,8,69835675,4/1/2023
iamfarahlola,12250,192,2815,16,8,1014237696565235713,4/1/2023
kixes,30295,1105,99301,436,5,27182288,4/1/2023
wwwwww1101,2231,78,8808,2,5,925658166024478720,4/1/2023
Mindpatsrvl,103293,75,849,89,15,1305070471663083521,4/1/2023
JCharoensiri,7852,344,3333,56,11,131502046,4/1/2023
JamesPanumas,6938,22,444,4,2,1241426284720181248,4/1/2023
yamyummy,101349,840,233513,43,2,100221994,4/1/2023
thecuriousdan2,13202,187,29773,11,11,1409042869378191365,4/1/2023
HappyBongbongus,2878,307,936,4,11,939812855783636995,4/1/2023
iLawclub,239532,315,21646,370,11,61760897,4/1/2023
NaomiNeo_,416459,600,40814,161,11,57034487,4/1/2023
speishi,162470,60,68643,70,13,91573146,4/1/2023
Jinnyboy,278726,763,26422,193,12,18917343,4/1/2023
dmingthing,10308,261,32093,36,13,87653986,4/1/2023
toshrock,293186,550,28779,132,13,67577830,4/1/2023
JoakimGomez,18782,1286,33958,25,13,325059717,4/1/2023
mingasaur,4554,419,27092,12,13,76295041,4/1/2023
DanialRon,11326,1032,75506,32,5,65365894,4/1/2023
fayhokulani,5855,265,8877,96,4,17357808,4/1/2023
WildpipM,593249,554,4290,951,11,1122732866,4/1/2023
djhollyj,3205,101,3212,18,7,54016272,4/1/2023
narellekheng,12571,479,1151,30,10,146437142,4/1/2023
sezairi,51025,689,21265,129,8,36800569,4/1/2023
Hisa0808,143022,852,36408,1382,9,851799747937550336,4/1/2023
heyitssharla,156455,196,52313,541,9,555702683,4/1/2023
Sun_Paisan,5891,519,7103,16,9,1153563669285916672,4/1/2023
PaprikaGirl_JP,10358,1424,38368,108,1,946669879385456640,4/1/2023
NicolDavid,304980,308,5631,330,1,58233846,4/1/2023
virenrasquinha,179793,909,6612,137,1,160244513,4/1/2023
SakshiMalik,538379,192,1016,210,1,728173090027520000,4/1/2023
ararewoman,3884,3117,19238,18,1,764628864140189696,4/1/2023
cottoncandyme7,1390,491,14760,1,12,367138498,4/1/2023
DrShawnPaul,3495,1750,3077,8,5,1444499792189542400,4/1/2023
HugeJackoNFT,5074,657,703,2,12,158790527,4/1/2023
_LoveMy_Beautyy,3001,1764,92084,5,12,1529672863,4/1/2023
ThaiTrainGuide,6110,17,3371,46,12,1519829986752208897,4/1/2023
AlfieJapanorama,10451,2637,107065,234,1,81983730,4/1/2023
mrjeffu,14366,2367,9262,223,5,15709520,4/1/2023
zicoofficial_,151455,117,2788,19,5,1385295014507384834,4/1/2023
kawaiihanachiya,23674,24360,39205,97,5,141734114,4/1/2023
noealz,46581,3347,19765,592,3,283244090,4/1/2023
JJ_Lin,1080851,123,9017,1331,3,25497636,4/1/2023
marklee4444,5455,419,1736,11,5,1513141364350889989,4/1/2023
veratheape,30521,1757,3360,108,3,1357202360292941826,4/1/2023
Jungkook_SNS,75284,156,25636,750,5,1226493993141145601,4/1/2023
nameweemusic,15902,933,3996,92,11,194521830,4/1/2023
nuishow,338940,823,72481,1173,1,14697365,4/1/2023
anaraffali,370461,773,22098,340,1,28177296,4/1/2023
terenceleejx,7504,1979,9930,305,9,44078181,4/1/2023
MangteC,1476928,45,1332,274,1,334430754,4/1/2023
AvaniLekhara,62539,129,558,37,10,836484306126139392,4/1/2023
mirabai_chanu,431934,421,2231,140,15,997046099088166912,4/1/2023
lakshya_sen,60473,64,607,48,13,932617429208915969,4/1/2023
TrulyNoah,164982,322,17594,66,5,519332561,4/1/2023
syasyapuff,665,673,17613,8,3,25503818,4/1/2023
Real_n3xt,9211,1057,22350,44,9,3087421864,4/1/2023
cheesie,23436,123,28198,262,15,8552342,4/1/2023
EmirichuYT,510319,955,11094,506,5,893714295564910592,4/1/2023
wolfychuuu,166952,173,3167,281,3,902059487065915396,4/1/2023
Merryweatherey,1133673,994,12872,2311,7,2463867379,4/1/2023
Norman_Maggot,272307,3767,41731,1238,7,63025162,4/1/2023
ProjektMelody,619325,1523,10574,1556,3,1148121315943075841,4/1/2023
CovfefeChan,365564,501,91589,653,7,1049054859520090113,4/1/2023
Veibae,549028,494,5474,1454,13,777264456871149568,4/1/2023
jaiyieee,1620372,192,69849,58,11,317755902,4/1/2023
surayaror,65633,2193,60583,294,13,2673974569,4/1/2023
melatinungsari,6346,5004,35802,32,9,738504995759263744,4/1/2023
ieralee,10117,1310,18126,24,14,4046817679,4/1/2023
ruffleseed,16899,663,48429,46,13,19145055,4/1/2023
dririshsea,11274,728,3777,88,10,565166250,4/1/2023
fadzlirozan,552,1379,3019,1,12,1497833120,4/1/2023
DavidInglesTV,67236,2167,9998,1359,14,496997835,4/1/2023
parrysingh,26766,1004,16641,197,15,15143770,4/1/2023
dhruvkapilaa,831,142,115,6,7,2341671930,4/1/2023
FishMonkeyCow_,12660,454,2390,140,5,967218195986751490,4/1/2023
afdlinshauki,584504,1761,16492,626,7,23463101,4/1/2023
weeranan,130276,2048,92124,248,7,234274515,4/1/2023
TaniaSachdev,63732,198,5433,629,14,1886392608,4/1/2023
donbelleluvver,4526,267,70227,7,12,1371464233469177860,4/1/2023
donstutoch4ever,2771,880,30966,1,12,1523597389801549825,4/1/2023
mainedcm,6727794,358,4560,1698,12,63701775,4/1/2023
maymayentrata07,2844551,163,2781,161,5,803199792369180673,4/1/2023
ZeinabHarake11,7405723,84,621,145,5,991958674909286400,4/1/2023
mikslmnc,3977013,1240,18353,149,10,1000229461856530432,4/1/2023
MissMarisRacal,3914606,552,14401,264,12,628808642,4/1/2023
princess_thea14,1335992,14,2175,36,12,1180262001253089280,4/1/2023
irene_sukandar,23790,407,3151,80,14,151561894,4/1/2023
adhibanchess,28816,513,1054,231,14,3086225424,4/1/2023
DJRayRay_Taiwan,5076,888,7851,40,16,340244679,4/1/2023
kathyjah,2581,2111,6368,55,9,125350320,4/1/2023
woiiw,101790,40812,2578,208,10,430192464,4/1/2023
mattvsjapan,13223,360,2278,78,15,4634333330,4/1/2023
ryotarosjapan,26832,33,214,47,10,1337610818649636864,4/1/2023
rurusama9,88810,325,3911,78,5,1020642030840569856,4/1/2023
ruruspiano,15380,52,433,47,5,992661699009306624,4/1/2023
SS_utr3N,19388,36,3161,107,8,1009401802603704320,4/1/2023
jennykyros68,12250,132,204,72,14,1407290260791316480,4/1/2023
timmtsai,18908,198,318,6,9,1455747005850869769,4/1/2023
imma__jp,10892,161,1406,69,5,1017271237762953216,4/1/2023
GracyBitget,203028,208,988,55,9,723224444752158720,4/1/2023
akidearest,547847,473,1602,611,8,2281401692,4/1/2023
TheAn1meMan,942782,400,4935,1052,8,1651594488,4/1/2023
gourmetmei,133053,336,779,125,5,1413497060058288135,4/1/2023
GiggukAZ,851439,611,6362,920,8,228456219,4/1/2023
johnwinyu,2015254,1556,124825,1016,1,58219570,4/1/2023
Vhmq_,5987,379,326,26,5,1492794667473141761,4/1/2023
alinaamir,2836,1947,6910,16,15,29065360,4/1/2023
minavesguerra,6202,1392,169904,150,11,127871205,4/1/2023
realmanubhaker,144471,875,1864,75,2,976771469765160960,4/1/2023
manikabatra_TT,163903,435,2386,107,2,988671212216897537,4/1/2023
babamba2020,64280,2182,51409,366,11,261727021,4/1/2023
bestrongnow,48285,1889,87315,222,11,132591895,4/1/2023
imagolog,111016,196,6774,549,11,71793919,4/1/2023
wafflerica,3468,1714,3425,70,11,17061303,4/1/2023
andreas_lo,3878,2480,3075,118,13,4688401,4/1/2023
plspreeti,20205,298,21688,55,12,43293373,4/1/2023
PreetiJha,4112,3992,1976,132,13,28430142,4/1/2023
lukeanthonyhunt,19168,2714,3614,256,13,248001658,4/1/2023
sstrangio,14361,1578,16015,307,13,55191191,4/1/2023
prakchanthul,18391,3916,5825,245,13,228948446,4/1/2023
Shika42516408,181366,84,587,924,5,1109000851358519296,4/1/2023
veracruz777,13381,4711,250566,138,4,100899292,4/1/2023
SamuelBickett,21720,394,1883,73,11,1548159062,4/1/2023
AbroadInJapan,430957,212,9218,669,7,1659679688,4/1/2023
CDawgVA,889949,935,21533,892,10,43596071,4/1/2023
joandthezhus,4287,1698,515,71,9,1126890737809772544,4/1/2023
Irenezhao_,192745,319,2265,821,5,1366964220768776192,4/1/2023
_annabellehuang,3926,678,423,68,14,110318853,4/1/2023
Eaaaw,105237,1138,93680,93,15,2286750120,4/1/2023
ceemeagain,372893,1814,14110,1332,1,16851578,4/1/2023
suthichai,3101514,2833,114134,5349,1,12425692,4/1/2023
Woodytalk,3336846,1152,20827,3519,1,21539210,4/1/2023
panraphee,1325189,183,35866,1447,1,56156439,4/1/2023
ninanaka,717436,708,81951,1122,1,50845248,4/1/2023
dew_jsu,923115,34,453,412,12,906310748564971520,4/1/2023
PuimekSter,740578,419,92388,263,5,182279606,4/1/2023
MookWorranit,1461822,425,60353,296,12,139379061,4/1/2023
FiatAngelo,1496989,152,20471,619,12,2983484922,4/1/2023
ssingss,1112195,201,14668,671,12,2324101986,4/1/2023
tontawan_t,419204,252,57807,270,1,307782840,4/1/2023
view_benyapa,70177,121,1704,94,1,1044173902468067328,4/1/2023
VernLoveis,10074,193,56264,16,5,158024511,4/1/2023
Toptap_jirakit,1193453,314,35592,801,5,1659753438,4/1/2023
piiazzetta,8652,415,18223,26,3,172705160,4/1/2023
marauisxx,115014,862,29326,159,3,543901322,4/1/2023
Hamkdy_,134234,1616,85900,75,5,784219207474950144,4/1/2023
a_happy_color,28548,160,2189,129,3,1378368477044514816,4/1/2023
charoenpura,494361,437,28642,216,5,957779174726356992,4/1/2023
PavinKyoto,529431,547,2459,163,11,964172701794369537,4/1/2023
8sianmom,10137,2450,10734,41,9,95370227,4/1/2023
victorrhan,119979,847,30667,35,10,751982203018543104,4/1/2023
cnew888,406764,202,14454,69,1,2887191906,4/1/2023
sayompoo_eric,46643,1423,96705,46,13,4912566457,4/1/2023
RichardBarrow,203621,198,106390,2414,7,72888855,4/1/2023
nutchlimited,25027,1509,47143,10,7,2594068573,4/1/2023
Chewtoro,54310,2377,16117,222,5,38639301,4/1/2023
MsF0m0,8942,2391,9310,18,5,1485201703347830790,4/1/2023
ellaces,2726,1520,10456,16,3,1437398777409671168,4/1/2023
tongtongbee,7230,1170,1055,119,9,4847257392,4/1/2023
zenaschin,1426,977,4527,31,15,940225472,4/1/2023
stylebymandii,15672,483,5714,12,5,4136277854,4/1/2023
two_tall_travel,2739,1801,4706,66,7,4079163014,4/1/2023
laviezine,5662,2946,50454,18,7,3637843213,4/1/2023
inkmodel,14377,1248,7182,9,3,66126858,4/1/2023
kahei_art,4469,2762,5537,20,3,1484501868525264896,4/1/2023
Saksith,18964,772,46081,578,13,3618041,4/1/2023
TheLilyfish,5469,3544,17530,208,13,298478363,4/1/2023
bkksnow,349866,1742,9593,258,15,86658130,4/1/2023
Pink_Siripipat,19861,599,35490,93,9,84077357,4/1/2023
Kunthida_FWP,96486,555,6683,101,14,123907907,4/1/2023
WPabuprapap,36745,623,9319,104,13,1223473075057881096,4/1/2023
kongchanut,14470,343,3443,21,10,396371797,4/1/2023
JakkritTomTom,291090,2039,156655,161,12,68178222,4/1/2023
TAXBugnoms,85116,0,4672,92,14,1016162716434640896,4/1/2023
Thai_Talk,40486,1075,179812,492,11,116141566,4/1/2023
RidhwanAzman,22547,814,41646,31,5,341629045,3/31/2023
patrinechoo,2190,422,1266,7,12,1462075812039987209,3/31/2023
angjunyang,4163,265,3751,57,12,58861733,3/31/2023
mrbrown,415806,7497,65514,1238,10,574253,3/31/2023
inchchua,4199,582,567,93,12,83816651,3/31/2023
jolovanwham,5483,349,2487,45,5,2832429217,3/31/2023
Kokilaparvathi,2501,363,779,15,12,483563636,3/31/2023
wordweed,2643,400,47991,8,12,46895632,3/31/2023
realsehajpal,120863,28,3281,32,14,1083344415656214528,3/31/2023
Superprincessjo,2014,149,16639,50,14,161254396,3/31/2023
nyaoayn,105758,281,20463,1190,9,181066414,3/31/2023
iamkamyapunjabi,361824,140,7950,111,14,2286516338,3/31/2023
TheNishantBhat,43370,78,1252,6,16,1423333290224721921,3/31/2023
PrernaSehajpal,37522,10,5759,5,10,1427994869260193795,3/31/2023
GAUAHAR_KHAN,3047204,223,17907,533,15,155561448,3/31/2023
ShamitaShetty,142419,61,6292,107,10,3251305220,3/31/2023
aneri_vajani,32515,402,6079,42,5,132445843,3/31/2023
Devoleena_23,98795,188,10806,65,5,96135256,3/31/2023
teemusphoto,38599,278,3593,448,8,838056188277370880,3/31/2023
realcheraims,75124,368,6619,29,14,1331447852657123329,3/31/2023
iamfarahlola,12254,193,2815,16,8,1014237696565235713,3/31/2023
shiifoncake,113128,263,7582,1271,5,1153914005532004352,3/31/2023
deweysim,4753,1452,624,67,8,69835675,3/31/2023
dmingthing,10314,261,32093,36,13,87653986,3/31/2023
kixes,30295,1104,99300,436,5,27182288,3/31/2023
sezairi,51036,690,21265,129,8,36800569,3/31/2023
Sun_Paisan,5894,519,7103,16,9,1153563669285916672,3/31/2023
uyjpn,53592,839,35947,693,9,1301428310975500288,3/31/2023
wwwwww1101,2231,78,8808,2,5,925658166024478720,3/31/2023
Mindpatsrvl,103308,74,849,89,15,1305070471663083521,3/31/2023
JCharoensiri,7853,343,3331,56,11,131502046,3/31/2023
JamesPanumas,6942,22,444,4,2,1241426284720181248,3/31/2023
yamyummy,101249,840,233480,43,2,100221994,3/31/2023
thecuriousdan2,13236,187,29769,11,11,1409042869378191365,3/31/2023
HappyBongbongus,2876,306,936,4,11,939812855783636995,3/31/2023
iLawclub,239534,315,21636,373,11,61760897,3/31/2023
NaomiNeo_,416498,600,40814,161,11,57034487,3/31/2023
speishi,162493,60,68643,70,13,91573146,3/31/2023
Jinnyboy,278748,765,26422,193,12,18917343,3/31/2023
toshrock,293215,549,28778,132,13,67577830,3/31/2023
JoakimGomez,18791,1286,33957,25,13,325059717,3/31/2023
mingasaur,4557,419,27092,12,13,76295041,3/31/2023
DanialRon,11325,1032,75505,32,5,65365894,3/31/2023
fayhokulani,5855,265,8877,96,4,17357808,3/31/2023
WildpipM,593357,554,4290,951,11,1122732866,3/31/2023
djhollyj,3206,101,3212,18,7,54016272,3/31/2023
narellekheng,12574,481,1151,30,10,146437142,3/31/2023
FishMonkeyCow_,12667,453,2390,140,5,967218195986751490,3/31/2023
DavidInglesTV,67228,2167,9997,1359,14,496997835,3/31/2023
cram_box,119813,786,43936,1316,9,172385031,3/31/2023
ThaiTrainGuide,6108,17,3368,46,12,1519829986752208897,3/31/2023
AvaniLekhara,62530,129,558,37,10,836484306126139392,3/31/2023
MangteC,1476961,45,1331,274,1,334430754,3/31/2023
NicolDavid,305001,308,5630,330,1,58233846,3/31/2023
virenrasquinha,179804,909,6611,137,1,160244513,3/31/2023
SakshiMalik,538391,192,1016,210,1,728173090027520000,3/31/2023
ararewoman,3883,3115,19172,18,1,764628864140189696,3/31/2023
cottoncandyme7,1390,491,14760,1,12,367138498,3/31/2023
DrShawnPaul,3495,1752,3076,7,5,1444499792189542400,3/31/2023
HugeJackoNFT,5065,653,697,2,12,158790527,3/31/2023
_LoveMy_Beautyy,3000,1764,92083,5,12,1529672863,3/31/2023
AlfieJapanorama,10450,2638,107033,234,1,81983730,3/31/2023
Hisa0808,143065,852,36399,1381,9,851799747937550336,3/31/2023
PaprikaGirl_JP,10346,1419,38315,107,1,946669879385456640,3/31/2023
mrjeffu,14347,2368,9258,223,5,15709520,3/31/2023
kawaiihanachiya,23638,24355,39172,96,5,141734114,3/31/2023
noealz,46575,3346,19758,592,3,283244090,3/31/2023
JJ_Lin,1081012,123,9017,1331,3,25497636,3/31/2023
marklee4444,5455,420,1736,11,5,1513141364350889989,3/31/2023
veratheape,30493,1757,3360,107,3,1357202360292941826,3/31/2023
Jungkook_SNS,75202,156,25619,751,5,1226493993141145601,3/31/2023
weeranan,130286,2047,92112,249,7,234274515,3/31/2023
nuishow,339002,822,72479,1173,1,14697365,3/31/2023
mirabai_chanu,431918,421,2231,140,15,997046099088166912,3/31/2023
lakshya_sen,60470,64,607,48,13,932617429208915969,3/31/2023
dhruvkapilaa,831,142,115,6,7,2341671930,3/31/2023
parrysingh,26758,1004,16637,197,15,15143770,3/31/2023
DesmondDoss555,15720,103,1321,209,14,1400453100217913351,3/31/2023
heyitssharla,156466,196,52310,541,9,555702683,3/31/2023
zicoofficial_,151455,117,2787,19,5,1385295014507384834,3/31/2023
TrulyNoah,164998,322,17594,66,5,519332561,3/31/2023
syasyapuff,665,673,17614,8,3,25503818,3/31/2023
Real_n3xt,9172,1051,22204,44,9,3087421864,3/31/2023
cheesie,23438,123,28198,262,15,8552342,3/31/2023
EmirichuYT,510271,954,11085,505,5,893714295564910592,3/31/2023
wolfychuuu,166939,173,3167,280,3,902059487065915396,3/31/2023
Merryweatherey,1133565,994,12872,2311,7,2463867379,3/31/2023
Norman_Maggot,272294,3770,41731,1239,7,63025162,3/31/2023
ProjektMelody,619285,1523,10568,1556,3,1148121315943075841,3/31/2023
CovfefeChan,365177,501,91579,653,7,1049054859520090113,3/31/2023
Veibae,549020,494,5469,1454,13,777264456871149568,3/31/2023
jaiyieee,1620340,192,69850,58,11,317755902,3/31/2023
surayaror,65593,2194,60561,294,13,2673974569,3/31/2023
melatinungsari,6347,4999,35785,32,9,738504995759263744,3/31/2023
ieralee,10111,1309,18126,24,14,4046817679,3/31/2023
ruffleseed,16891,664,48394,46,13,19145055,3/31/2023
dririshsea,11266,728,3773,88,10,565166250,3/31/2023
fadzlirozan,550,1377,3019,1,12,1497833120,3/31/2023
nameweemusic,15904,933,3996,92,11,194521830,3/31/2023
8sianmom,10133,2450,10731,41,9,95370227,3/31/2023
johnwinyu,2015398,1556,124804,1017,1,58219570,3/31/2023
gourmetmei,133063,336,777,126,5,1413497060058288135,3/31/2023
akidearest,547852,473,1601,611,8,2281401692,3/31/2023
donbelleluvver,4513,265,70120,7,12,1371464233469177860,3/31/2023
donstutoch4ever,2770,882,30808,1,12,1523597389801549825,3/31/2023
mainedcm,6727977,358,4559,1698,12,63701775,3/31/2023
maymayentrata07,2844400,163,2781,161,5,803199792369180673,3/31/2023
ZeinabHarake11,7404328,84,605,145,5,991958674909286400,3/31/2023
mikslmnc,3977211,1239,18354,149,10,1000229461856530432,3/31/2023
MissMarisRacal,3914390,550,14400,264,12,628808642,3/31/2023
princess_thea14,1335991,14,2175,36,12,1180262001253089280,3/31/2023
irene_sukandar,23788,406,3147,80,14,151561894,3/31/2023
adhibanchess,28811,513,1054,231,14,3086225424,3/31/2023
TaniaSachdev,63739,198,5433,627,14,1886392608,3/31/2023
DJRayRay_Taiwan,5080,888,7850,40,16,340244679,3/31/2023
woiiw,101796,40815,2578,208,10,430192464,3/31/2023
mattvsjapan,13217,359,2278,77,15,4634333330,3/31/2023
ryotarosjapan,26836,33,214,47,10,1337610818649636864,3/31/2023
rurusama9,88799,325,3911,79,5,1020642030840569856,3/31/2023
ruruspiano,15381,52,433,47,5,992661699009306624,3/31/2023
SS_utr3N,19393,36,3161,107,8,1009401802603704320,3/31/2023
jennykyros68,12233,132,203,72,14,1407290260791316480,3/31/2023
timmtsai,18933,198,318,6,9,1455747005850869769,3/31/2023
TheAn1meMan,942851,400,4934,1052,8,1651594488,3/31/2023
GiggukAZ,851422,611,6362,920,8,228456219,3/31/2023
GracyBitget,202164,208,972,55,9,723224444752158720,3/31/2023
CDawgVA,889844,935,21532,892,10,43596071,3/31/2023
afdlinshauki,584597,1762,16492,626,7,23463101,3/31/2023
Irenezhao_,192774,319,2260,820,5,1366964220768776192,3/31/2023
Vhmq_,5986,379,326,26,5,1492794667473141761,3/31/2023
alinaamir,2835,1946,6910,16,15,29065360,3/31/2023
minavesguerra,6201,1392,169893,150,11,127871205,3/31/2023
realmanubhaker,144470,875,1864,75,2,976771469765160960,3/31/2023
manikabatra_TT,163899,435,2386,107,2,988671212216897537,3/31/2023
babamba2020,64284,2180,51405,366,11,261727021,3/31/2023
bestrongnow,48276,1888,87305,222,11,132591895,3/31/2023
imagolog,111014,195,6773,549,11,71793919,3/31/2023
wafflerica,3466,1714,3425,70,11,17061303,3/31/2023
andreas_lo,3877,2480,3075,118,13,4688401,3/31/2023
plspreeti,20210,298,21688,55,12,43293373,3/31/2023
PreetiJha,4111,3993,1976,132,13,28430142,3/31/2023
lukeanthonyhunt,19171,2714,3614,256,13,248001658,3/31/2023
sstrangio,14360,1578,16015,307,13,55191191,3/31/2023
prakchanthul,18385,3916,5825,245,13,228948446,3/31/2023
Shika42516408,181248,84,587,924,5,1109000851358519296,3/31/2023
veracruz777,13374,4707,250357,138,4,100899292,3/31/2023
SamuelBickett,21706,394,1879,73,11,1548159062,3/31/2023
AbroadInJapan,430931,212,9218,669,7,1659679688,3/31/2023
imma__jp,10891,161,1402,69,5,1017271237762953216,3/31/2023
joandthezhus,4291,1687,515,71,9,1126890737809772544,3/31/2023
cnew888,406723,201,14451,69,1,2887191906,3/31/2023
sayompoo_eric,46667,1423,96624,46,13,4912566457,3/31/2023
victorrhan,119971,847,30666,35,10,751982203018543104,3/31/2023
ceemeagain,372955,1814,14110,1332,1,16851578,3/31/2023
suthichai,3101903,2832,114126,5353,1,12425692,3/31/2023
Woodytalk,3337282,1152,20827,3519,1,21539210,3/31/2023
panraphee,1325335,183,35866,1447,1,56156439,3/31/2023
ninanaka,717533,708,81951,1122,1,50845248,3/31/2023
dew_jsu,922468,34,453,414,12,906310748564971520,3/31/2023
PuimekSter,740525,419,92388,263,5,182279606,3/31/2023
MookWorranit,1461239,425,60350,295,12,139379061,3/31/2023
FiatAngelo,1496892,151,20471,619,12,2983484922,3/31/2023
ssingss,1111950,201,14668,671,12,2324101986,3/31/2023
tontawan_t,418985,252,57808,270,1,307782840,3/31/2023
view_benyapa,70147,121,1703,94,1,1044173902468067328,3/31/2023
VernLoveis,10072,193,56258,16,5,158024511,3/31/2023
Toptap_jirakit,1193135,314,35592,801,5,1659753438,3/31/2023
piiazzetta,8650,414,18219,26,3,172705160,3/31/2023
marauisxx,114955,862,29302,159,3,543901322,3/31/2023
Hamkdy_,134203,1615,85892,75,5,784219207474950144,3/31/2023
a_happy_color,28550,159,2189,129,3,1378368477044514816,3/31/2023
charoenpura,494485,436,28642,216,5,957779174726356992,3/31/2023
PavinKyoto,529629,547,2459,162,11,964172701794369537,3/31/2023
Eaaaw,105266,1136,93649,93,15,2286750120,3/31/2023
nutchlimited,25020,1506,47141,10,7,2594068573,3/31/2023
kathyjah,2581,2111,6368,55,9,125350320,3/31/2023
bkksnow,349909,1741,9592,259,15,86658130,3/31/2023
_annabellehuang,3926,677,423,68,14,110318853,3/31/2023
Chewtoro,54306,2375,16117,222,5,38639301,3/31/2023
MsF0m0,8937,2391,9310,18,5,1485201703347830790,3/31/2023
ellaces,2723,1517,10450,16,3,1437398777409671168,3/31/2023
tongtongbee,7231,1170,1055,119,9,4847257392,3/31/2023
zenaschin,1424,977,4527,30,15,940225472,3/31/2023
stylebymandii,15564,483,5712,12,5,4136277854,3/31/2023
kahei_art,4408,2762,5529,20,3,1484501868525264896,3/31/2023
two_tall_travel,2739,1801,4706,66,7,4079163014,3/31/2023
laviezine,5662,2946,50444,18,7,3637843213,3/31/2023
inkmodel,14375,1247,7178,9,3,66126858,3/31/2023
RichardBarrow,203635,198,106382,2414,7,72888855,3/31/2023
Saksith,18965,772,46081,578,13,3618041,3/31/2023
Thai_Talk,40487,1075,179806,492,11,116141566,3/31/2023
TheLilyfish,5470,3544,17530,208,13,298478363,3/31/2023
Pink_Siripipat,19871,599,35481,93,9,84077357,3/31/2023
Kunthida_FWP,96500,555,6674,102,14,123907907,3/31/2023
WPabuprapap,36743,623,9319,105,13,1223473075057881096,3/31/2023
kongchanut,14476,343,3442,21,10,396371797,3/31/2023
JakkritTomTom,291149,2038,156650,161,12,68178222,3/31/2023
TAXBugnoms,85114,0,4672,92,14,1016162716434640896,3/31/2023
anaraffali,370505,772,22084,340,1,28177296,3/31/2023
terenceleejx,7503,1979,9930,305,9,44078181,3/31/2023
rahulrrangari,1061,1426,481,0,7,1404795614953676807,3/31/2023
rahulrrangari,1061,1430,480,0,7,1404795614953676807,3/30/2023
TheNishantBhat,43374,78,1252,6,16,1423333290224721921,3/30/2023
wordweed,2643,399,47991,8,12,46895632,3/30/2023
Kokilaparvathi,2502,363,779,15,12,483563636,3/30/2023
jolovanwham,5483,349,2487,45,5,2832429217,3/30/2023
RidhwanAzman,22550,813,41646,31,5,341629045,3/30/2023
mrbrown,415835,7496,65499,1238,10,574253,3/30/2023
angjunyang,4163,265,3751,57,12,58861733,3/30/2023
patrinechoo,2193,422,1266,7,12,1462075812039987209,3/30/2023
Superprincessjo,2014,149,16639,50,14,161254396,3/30/2023
realsehajpal,120875,28,3280,32,14,1083344415656214528,3/30/2023
iamkamyapunjabi,361807,140,7950,111,14,2286516338,3/30/2023
PrernaSehajpal,37529,9,5759,5,10,1427994869260193795,3/30/2023
deweysim,4750,1452,624,67,8,69835675,3/30/2023
GAUAHAR_KHAN,3047320,223,17906,533,15,155561448,3/30/2023
ShamitaShetty,142408,61,6295,107,10,3251305220,3/30/2023
aneri_vajani,32520,402,6079,42,5,132445843,3/30/2023
Devoleena_23,98811,187,10806,65,5,96135256,3/30/2023
teemusphoto,38541,278,3590,447,8,838056188277370880,3/30/2023
realcheraims,75149,363,6577,29,14,1331447852657123329,3/30/2023
nyaoayn,105776,281,20462,1190,9,181066414,3/30/2023
shiifoncake,113110,263,7582,1271,5,1153914005532004352,3/30/2023
uyjpn,53599,839,35973,692,9,1301428310975500288,3/30/2023
inchchua,4194,573,566,93,12,83816651,3/30/2023
iamfarahlola,12254,191,2815,16,8,1014237696565235713,3/30/2023
Hisa0808,143068,852,36379,1380,9,851799747937550336,3/30/2023
kixes,30299,1105,99297,436,5,27182288,3/30/2023
wwwwww1101,2230,78,8808,2,5,925658166024478720,3/30/2023
Mindpatsrvl,103301,74,849,89,15,1305070471663083521,3/30/2023
JCharoensiri,7855,342,3324,56,11,131502046,3/30/2023
JamesPanumas,6941,22,444,4,2,1241426284720181248,3/30/2023
yamyummy,101103,840,233450,43,2,100221994,3/30/2023
thecuriousdan2,13233,187,29764,12,11,1409042869378191365,3/30/2023
HappyBongbongus,2878,306,936,5,11,939812855783636995,3/30/2023
iLawclub,239454,315,21633,373,11,61760897,3/30/2023
NaomiNeo_,416537,599,40814,161,11,57034487,3/30/2023
speishi,162512,60,68644,70,13,91573146,3/30/2023
Jinnyboy,278756,765,26421,193,12,18917343,3/30/2023
dmingthing,10312,261,32091,36,13,87653986,3/30/2023
toshrock,293237,546,28776,132,13,67577830,3/30/2023
JoakimGomez,18790,1286,33955,25,13,325059717,3/30/2023
mingasaur,4557,419,27092,12,13,76295041,3/30/2023
DanialRon,11326,1032,75505,32,5,65365894,3/30/2023
fayhokulani,5853,265,8877,96,4,17357808,3/30/2023
WildpipM,593453,554,4290,951,11,1122732866,3/30/2023
djhollyj,3206,101,3212,18,7,54016272,3/30/2023
narellekheng,12576,481,1151,30,10,146437142,3/30/2023
sezairi,51041,690,21264,129,8,36800569,3/30/2023
cram_box,119805,786,43937,1317,9,172385031,3/30/2023
DesmondDoss555,15710,102,1320,208,14,1400453100217913351,3/30/2023
Sun_Paisan,5897,519,7103,16,9,1153563669285916672,3/30/2023
AlfieJapanorama,10441,2638,107019,234,1,81983730,3/30/2023
MangteC,1477005,45,1331,274,1,334430754,3/30/2023
NicolDavid,305020,308,5630,330,1,58233846,3/30/2023
virenrasquinha,179807,909,6610,137,1,160244513,3/30/2023
SakshiMalik,538420,192,1016,210,1,728173090027520000,3/30/2023
ararewoman,3882,3113,19167,18,1,764628864140189696,3/30/2023
cottoncandyme7,1389,490,14757,1,12,367138498,3/30/2023
DrShawnPaul,3492,1750,3076,7,5,1444499792189542400,3/30/2023
HugeJackoNFT,5059,639,691,3,12,158790527,3/30/2023
_LoveMy_Beautyy,3001,1764,92076,5,12,1529672863,3/30/2023
ThaiTrainGuide,6108,17,3365,46,12,1519829986752208897,3/30/2023
PaprikaGirl_JP,10341,1416,38285,107,1,946669879385456640,3/30/2023
heyitssharla,156448,196,52301,540,9,555702683,3/30/2023
mrjeffu,14336,2364,9235,223,5,15709520,3/30/2023
kawaiihanachiya,23629,24394,39152,96,5,141734114,3/30/2023
noealz,46576,3344,19747,592,3,283244090,3/30/2023
JJ_Lin,1081163,123,9017,1331,3,25497636,3/30/2023
marklee4444,5455,420,1736,11,5,1513141364350889989,3/30/2023
veratheape,30523,1758,3356,107,3,1357202360292941826,3/30/2023
Jungkook_SNS,75109,156,25599,751,5,1226493993141145601,3/30/2023
nameweemusic,15908,933,3996,92,11,194521830,3/30/2023
nuishow,339024,822,72478,1173,1,14697365,3/30/2023
anaraffali,370540,771,22079,340,1,28177296,3/30/2023
AvaniLekhara,62519,129,558,37,10,836484306126139392,3/30/2023
mirabai_chanu,431934,421,2231,140,15,997046099088166912,3/30/2023
lakshya_sen,60471,64,607,48,13,932617429208915969,3/30/2023
dhruvkapilaa,832,142,115,6,7,2341671930,3/30/2023
zicoofficial_,151433,117,2787,19,5,1385295014507384834,3/30/2023
TrulyNoah,165019,322,17594,66,5,519332561,3/30/2023
syasyapuff,664,673,17614,8,3,25503818,3/30/2023
Real_n3xt,9110,1049,22147,44,9,3087421864,3/30/2023
cheesie,23446,123,28198,262,15,8552342,3/30/2023
EmirichuYT,510289,954,11085,504,5,893714295564910592,3/30/2023
wolfychuuu,166932,173,3166,280,3,902059487065915396,3/30/2023
Merryweatherey,1133020,995,12872,2312,7,2463867379,3/30/2023
Norman_Maggot,272263,3770,41731,1239,7,63025162,3/30/2023
ProjektMelody,619212,1521,10565,1556,3,1148121315943075841,3/30/2023
CovfefeChan,364413,501,91546,651,7,1049054859520090113,3/30/2023
Veibae,549047,494,5469,1454,13,777264456871149568,3/30/2023
jaiyieee,1620350,193,69846,58,11,317755902,3/30/2023
surayaror,65547,2195,60527,291,13,2673974569,3/30/2023
melatinungsari,6347,4996,35769,30,9,738504995759263744,3/30/2023
ieralee,10111,1310,18126,24,14,4046817679,3/30/2023
ruffleseed,16883,664,48354,45,13,19145055,3/30/2023
dririshsea,11272,728,3770,88,10,565166250,3/30/2023
fadzlirozan,549,1371,3019,1,12,1497833120,3/30/2023
DavidInglesTV,67214,2167,9994,1359,14,496997835,3/30/2023
parrysingh,26757,1004,16628,197,15,15143770,3/30/2023
FishMonkeyCow_,12672,453,2389,141,5,967218195986751490,3/30/2023
weeranan,130270,2047,92098,249,7,234274515,3/30/2023
terenceleejx,7503,1979,9930,305,9,44078181,3/30/2023
TheAn1meMan,942862,400,4932,1052,8,1651594488,3/30/2023
donbelleluvver,4482,268,69870,7,12,1371464233469177860,3/30/2023
donstutoch4ever,2765,884,30602,1,12,1523597389801549825,3/30/2023
mainedcm,6728111,355,4559,1697,12,63701775,3/30/2023
maymayentrata07,2844263,163,2781,161,5,803199792369180673,3/30/2023
ZeinabHarake11,7402802,84,605,145,5,991958674909286400,3/30/2023
mikslmnc,3977414,1240,18354,149,10,1000229461856530432,3/30/2023
MissMarisRacal,3914131,550,14400,265,12,628808642,3/30/2023
princess_thea14,1335990,14,2175,36,12,1180262001253089280,3/30/2023
irene_sukandar,23788,406,3142,80,14,151561894,3/30/2023
adhibanchess,28813,513,1054,231,14,3086225424,3/30/2023
TaniaSachdev,63747,198,5432,628,14,1886392608,3/30/2023
DJRayRay_Taiwan,5082,889,7849,40,16,340244679,3/30/2023
woiiw,101802,40818,2578,208,10,430192464,3/30/2023
mattvsjapan,13217,358,2278,77,15,4634333330,3/30/2023
ryotarosjapan,26838,33,214,47,10,1337610818649636864,3/30/2023
rurusama9,88807,325,3911,79,5,1020642030840569856,3/30/2023
ruruspiano,15387,52,433,50,5,992661699009306624,3/30/2023
SS_utr3N,19394,36,3161,106,8,1009401802603704320,3/30/2023
jennykyros68,12237,131,203,72,14,1407290260791316480,3/30/2023
timmtsai,18720,198,318,6,9,1455747005850869769,3/30/2023
imma__jp,10886,161,1400,72,5,1017271237762953216,3/30/2023
akidearest,547884,473,1600,609,8,2281401692,3/30/2023
gourmetmei,133072,335,777,125,5,1413497060058288135,3/30/2023
joandthezhus,4294,1687,515,71,9,1126890737809772544,3/30/2023
GiggukAZ,851412,611,6361,919,8,228456219,3/30/2023
Irenezhao_,192803,319,2256,820,5,1366964220768776192,3/30/2023
Vhmq_,5982,379,326,26,5,1492794667473141761,3/30/2023
alinaamir,2835,1944,6910,14,15,29065360,3/30/2023
minavesguerra,6202,1392,169881,150,11,127871205,3/30/2023
realmanubhaker,144477,879,1864,75,2,976771469765160960,3/30/2023
manikabatra_TT,163899,435,2386,107,2,988671212216897537,3/30/2023
babamba2020,64287,2182,51399,366,11,261727021,3/30/2023
bestrongnow,48281,1887,87304,222,11,132591895,3/30/2023
imagolog,111020,195,6773,549,11,71793919,3/30/2023
wafflerica,3468,1714,3425,70,11,17061303,3/30/2023
andreas_lo,3878,2480,3075,118,13,4688401,3/30/2023
plspreeti,20210,298,21688,55,12,43293373,3/30/2023
PreetiJha,4112,3993,1976,132,13,28430142,3/30/2023
lukeanthonyhunt,19172,2714,3614,256,13,248001658,3/30/2023
sstrangio,14364,1578,16015,307,13,55191191,3/30/2023
prakchanthul,18370,3916,5825,245,13,228948446,3/30/2023
Shika42516408,181295,84,587,922,5,1109000851358519296,3/30/2023
veracruz777,13369,4706,250359,138,4,100899292,3/30/2023
SamuelBickett,21700,393,1873,73,11,1548159062,3/30/2023
AbroadInJapan,430936,212,9217,668,7,1659679688,3/30/2023
CDawgVA,889697,934,21531,889,10,43596071,3/30/2023
GracyBitget,201280,208,969,54,9,723224444752158720,3/30/2023
kathyjah,2579,2107,6367,55,9,125350320,3/30/2023
cnew888,406382,201,14449,69,1,2887191906,3/30/2023
sayompoo_eric,46665,1423,96537,46,13,4912566457,3/30/2023
victorrhan,119940,845,30664,35,10,751982203018543104,3/30/2023
ceemeagain,372970,1814,14110,1333,1,16851578,3/30/2023
suthichai,3101906,2832,114123,5354,1,12425692,3/30/2023
Woodytalk,3337390,1152,20826,3519,1,21539210,3/30/2023
panraphee,1325379,183,35866,1447,1,56156439,3/30/2023
ninanaka,717557,708,81949,1122,1,50845248,3/30/2023
dew_jsu,921705,34,453,414,12,906310748564971520,3/30/2023
PuimekSter,740447,419,92387,264,5,182279606,3/30/2023
MookWorranit,1460469,425,60344,296,12,139379061,3/30/2023
FiatAngelo,1496581,151,20471,618,12,2983484922,3/30/2023
ssingss,1111636,202,14668,671,12,2324101986,3/30/2023
tontawan_t,418701,252,57808,269,1,307782840,3/30/2023
view_benyapa,70083,121,1703,94,1,1044173902468067328,3/30/2023
VernLoveis,10072,193,56243,16,5,158024511,3/30/2023
Toptap_jirakit,1192632,313,35587,801,5,1659753438,3/30/2023
piiazzetta,8650,413,18219,26,3,172705160,3/30/2023
marauisxx,114868,861,29292,160,3,543901322,3/30/2023
Hamkdy_,134162,1614,85868,75,5,784219207474950144,3/30/2023
a_happy_color,28542,159,2189,130,3,1378368477044514816,3/30/2023
charoenpura,494523,434,28643,216,5,957779174726356992,3/30/2023
PavinKyoto,529470,547,2459,162,11,964172701794369537,3/30/2023
Eaaaw,105219,1135,93606,93,15,2286750120,3/30/2023
nutchlimited,25010,1499,47135,10,7,2594068573,3/30/2023
_annabellehuang,3926,677,423,68,14,110318853,3/30/2023
bkksnow,349893,1740,9592,259,15,86658130,3/30/2023
8sianmom,10129,2447,10731,41,9,95370227,3/30/2023
Chewtoro,54179,2370,16116,221,5,38639301,3/30/2023
MsF0m0,8947,2393,9310,18,5,1485201703347830790,3/30/2023
ellaces,2722,1515,10450,16,3,1437398777409671168,3/30/2023
tongtongbee,7228,1170,1053,119,9,4847257392,3/30/2023
zenaschin,1425,977,4527,30,15,940225472,3/30/2023
stylebymandii,15429,483,5712,12,5,4136277854,3/30/2023
kahei_art,4344,2757,5527,20,3,1484501868525264896,3/30/2023
two_tall_travel,2739,1801,4706,66,7,4079163014,3/30/2023
laviezine,5661,2947,50430,18,7,3637843213,3/30/2023
inkmodel,14378,1247,7175,9,3,66126858,3/30/2023
RichardBarrow,203630,198,106375,2414,7,72888855,3/30/2023
Saksith,18970,772,46081,578,13,3618041,3/30/2023
Thai_Talk,40500,1075,179790,492,11,116141566,3/30/2023
TheLilyfish,5471,3545,17530,208,13,298478363,3/30/2023
Pink_Siripipat,19868,599,35476,93,9,84077357,3/30/2023
Kunthida_FWP,96478,555,6670,102,14,123907907,3/30/2023
WPabuprapap,36739,623,9319,105,13,1223473075057881096,3/30/2023
kongchanut,14476,343,3442,21,10,396371797,3/30/2023
JakkritTomTom,291156,2038,156643,161,12,68178222,3/30/2023
TAXBugnoms,85100,0,4672,92,14,1016162716434640896,3/30/2023
johnwinyu,2015215,1555,124787,1017,1,58219570,3/30/2023
afdlinshauki,584650,1762,16492,626,7,23463101,3/30/2023
anaraffali,370573,769,22071,340,1,28177296,3/29/2023
realsehajpal,120860,28,3280,31,14,1083344415656214528,3/29/2023
deweysim,4750,1452,624,67,8,69835675,3/29/2023
inchchua,4195,570,565,93,12,83816651,3/29/2023
wordweed,2646,398,47992,8,12,46895632,3/29/2023
Kokilaparvathi,2504,363,779,15,12,483563636,3/29/2023
jolovanwham,5484,349,2487,45,5,2832429217,3/29/2023
RidhwanAzman,22554,814,41646,31,5,341629045,3/29/2023
mrbrown,415840,7496,65475,1238,10,574253,3/29/2023
angjunyang,4165,265,3751,57,12,58861733,3/29/2023
patrinechoo,2188,422,1266,7,12,1462075812039987209,3/29/2023
Superprincessjo,2014,149,16639,50,14,161254396,3/29/2023
iamkamyapunjabi,361773,140,7950,111,14,2286516338,3/29/2023
johnwinyu,2015586,1551,124772,1017,1,58219570,3/29/2023
TheNishantBhat,43368,78,1252,6,16,1423333290224721921,3/29/2023
PrernaSehajpal,37530,9,5759,5,10,1427994869260193795,3/29/2023
GAUAHAR_KHAN,3047353,223,17907,533,15,155561448,3/29/2023
ShamitaShetty,142415,60,6295,107,10,3251305220,3/29/2023
aneri_vajani,32517,402,6079,42,5,132445843,3/29/2023
Devoleena_23,98824,187,10806,65,5,96135256,3/29/2023
teemusphoto,38537,278,3589,448,8,838056188277370880,3/29/2023
realcheraims,75161,363,6568,29,14,1331447852657123329,3/29/2023
nyaoayn,105792,281,20454,1191,9,181066414,3/29/2023
shiifoncake,113064,263,7574,1270,5,1153914005532004352,3/29/2023
iamfarahlola,12257,189,2815,16,8,1014237696565235713,3/29/2023
kixes,30295,1102,99295,436,5,27182288,3/29/2023
sezairi,51043,690,21264,129,8,36800569,3/29/2023
narellekheng,12578,480,1151,30,10,146437142,3/29/2023
Sun_Paisan,5898,519,7102,16,9,1153563669285916672,3/29/2023
FishMonkeyCow_,12677,452,2389,141,5,967218195986751490,3/29/2023
wwwwww1101,2230,78,8808,2,5,925658166024478720,3/29/2023
Mindpatsrvl,103315,74,848,89,15,1305070471663083521,3/29/2023
JCharoensiri,7854,342,3319,56,11,131502046,3/29/2023
JamesPanumas,6940,22,444,4,2,1241426284720181248,3/29/2023
yamyummy,101040,838,233382,43,2,100221994,3/29/2023
thecuriousdan2,13232,187,29757,12,11,1409042869378191365,3/29/2023
HappyBongbongus,2881,305,935,5,11,939812855783636995,3/29/2023
iLawclub,239422,315,21631,374,11,61760897,3/29/2023
NaomiNeo_,416571,600,40814,161,11,57034487,3/29/2023
speishi,162520,60,68644,70,13,91573146,3/29/2023
Jinnyboy,278752,764,26421,193,12,18917343,3/29/2023
dmingthing,10310,260,32085,36,13,87653986,3/29/2023
toshrock,293261,545,28780,132,13,67577830,3/29/2023
JoakimGomez,18792,1287,33953,25,13,325059717,3/29/2023
mingasaur,4558,419,27092,12,13,76295041,3/29/2023
DanialRon,11330,1032,75505,32,5,65365894,3/29/2023
fayhokulani,5855,265,8877,96,4,17357808,3/29/2023
WildpipM,593543,554,4290,949,11,1122732866,3/29/2023
djhollyj,3207,101,3212,18,7,54016272,3/29/2023
uyjpn,53559,839,35950,690,9,1301428310975500288,3/29/2023
cram_box,119814,786,43920,1316,9,172385031,3/29/2023
Hisa0808,143068,852,36378,1381,9,851799747937550336,3/29/2023
lakshya_sen,60473,64,607,48,13,932617429208915969,3/29/2023
AvaniLekhara,62484,128,557,37,10,836484306126139392,3/29/2023
MangteC,1477015,45,1331,274,1,334430754,3/29/2023
NicolDavid,305036,308,5630,330,1,58233846,3/29/2023
virenrasquinha,179813,909,6610,137,1,160244513,3/29/2023
SakshiMalik,538420,192,1016,210,1,728173090027520000,3/29/2023
ararewoman,3880,3112,19083,18,1,764628864140189696,3/29/2023
cottoncandyme7,1388,489,14746,1,12,367138498,3/29/2023
DrShawnPaul,3489,1750,3076,7,5,1444499792189542400,3/29/2023
HugeJackoNFT,5050,620,678,3,12,158790527,3/29/2023
_LoveMy_Beautyy,3001,1765,92073,5,12,1529672863,3/29/2023
ThaiTrainGuide,6107,17,3361,46,12,1519829986752208897,3/29/2023
AlfieJapanorama,10439,2638,106939,234,1,81983730,3/29/2023
PaprikaGirl_JP,10336,1415,38210,107,1,946669879385456640,3/29/2023
mrjeffu,14327,2363,9212,222,5,15709520,3/29/2023
kawaiihanachiya,23607,24409,39142,93,5,141734114,3/29/2023
noealz,46583,3344,19740,592,3,283244090,3/29/2023
JJ_Lin,1081232,123,9017,1331,3,25497636,3/29/2023
marklee4444,5450,420,1736,10,5,1513141364350889989,3/29/2023
veratheape,30502,1758,3355,107,3,1357202360292941826,3/29/2023
Jungkook_SNS,74949,156,25569,751,5,1226493993141145601,3/29/2023
nameweemusic,15914,933,3996,92,11,194521830,3/29/2023
mirabai_chanu,431940,421,2231,140,15,997046099088166912,3/29/2023
dhruvkapilaa,832,142,114,6,7,2341671930,3/29/2023
DesmondDoss555,15685,99,1314,209,14,1400453100217913351,3/29/2023
parrysingh,26751,1003,16623,197,15,15143770,3/29/2023
heyitssharla,156430,195,52281,539,9,555702683,3/29/2023
zicoofficial_,151423,117,2787,19,5,1385295014507384834,3/29/2023
TrulyNoah,165032,322,17594,66,5,519332561,3/29/2023
syasyapuff,665,672,17614,8,3,25503818,3/29/2023
Real_n3xt,9139,1046,22087,44,9,3087421864,3/29/2023
cheesie,23446,123,28198,262,15,8552342,3/29/2023
EmirichuYT,510300,954,11084,502,5,893714295564910592,3/29/2023
wolfychuuu,166928,173,3164,280,3,902059487065915396,3/29/2023
Merryweatherey,1129379,994,12871,2313,7,2463867379,3/29/2023
Norman_Maggot,272229,3772,41731,1240,7,63025162,3/29/2023
ProjektMelody,619052,1521,10558,1547,3,1148121315943075841,3/29/2023
CovfefeChan,364084,502,91534,648,7,1049054859520090113,3/29/2023
Veibae,548993,494,5468,1451,13,777264456871149568,3/29/2023
jaiyieee,1620262,193,69846,58,11,317755902,3/29/2023
surayaror,65529,2193,60501,291,13,2673974569,3/29/2023
melatinungsari,6343,4987,35753,30,9,738504995759263744,3/29/2023
ieralee,10112,1311,18127,24,14,4046817679,3/29/2023
ruffleseed,16879,664,48291,45,13,19145055,3/29/2023
dririshsea,11264,727,3769,88,10,565166250,3/29/2023
fadzlirozan,550,1367,3019,1,12,1497833120,3/29/2023
DavidInglesTV,67193,2167,9993,1359,14,496997835,3/29/2023
weeranan,130252,2046,92076,251,7,234274515,3/29/2023
cnew888,406063,201,14445,70,1,2887191906,3/29/2023
nuishow,339106,822,72478,1173,1,14697365,3/29/2023
irene_sukandar,23791,406,3142,80,14,151561894,3/29/2023
TheAn1meMan,942843,400,4932,1051,8,1651594488,3/29/2023
akidearest,547909,473,1599,606,8,2281401692,3/29/2023
donbelleluvver,4463,267,69572,7,12,1371464233469177860,3/29/2023
donstutoch4ever,2754,883,30292,1,12,1523597389801549825,3/29/2023
mainedcm,6728075,355,4559,1698,12,63701775,3/29/2023
maymayentrata07,2844083,163,2781,161,5,803199792369180673,3/29/2023
ZeinabHarake11,7400838,84,605,145,5,991958674909286400,3/29/2023
mikslmnc,3977578,1240,18354,149,10,1000229461856530432,3/29/2023
MissMarisRacal,3913690,550,14399,265,12,628808642,3/29/2023
princess_thea14,1336011,14,2175,36,12,1180262001253089280,3/29/2023
adhibanchess,28814,512,1053,231,14,3086225424,3/29/2023
PavinKyoto,529525,547,2459,163,11,964172701794369537,3/29/2023
TaniaSachdev,63747,198,5432,627,14,1886392608,3/29/2023
DJRayRay_Taiwan,5083,889,7849,40,16,340244679,3/29/2023
woiiw,101801,40818,2578,208,10,430192464,3/29/2023
mattvsjapan,13204,358,2278,77,15,4634333330,3/29/2023
ryotarosjapan,26836,33,214,47,10,1337610818649636864,3/29/2023
rurusama9,88760,326,3911,79,5,1020642030840569856,3/29/2023
ruruspiano,15377,52,433,50,5,992661699009306624,3/29/2023
SS_utr3N,19395,36,3161,105,8,1009401802603704320,3/29/2023
jennykyros68,12234,131,203,71,14,1407290260791316480,3/29/2023
timmtsai,18613,198,318,6,9,1455747005850869769,3/29/2023
gourmetmei,133064,335,777,125,5,1413497060058288135,3/29/2023
GiggukAZ,851383,611,6360,918,8,228456219,3/29/2023
CDawgVA,889399,934,21530,886,10,43596071,3/29/2023
AbroadInJapan,430842,212,9217,667,7,1659679688,3/29/2023
rahulrrangari,1058,1430,480,0,7,1404795614953676807,3/29/2023
terenceleejx,7502,1978,9930,305,9,44078181,3/29/2023
Irenezhao_,192770,319,2249,820,5,1366964220768776192,3/29/2023
Vhmq_,5902,379,326,26,5,1492794667473141761,3/29/2023
alinaamir,2834,1941,6909,14,15,29065360,3/29/2023
minavesguerra,6199,1392,169862,150,11,127871205,3/29/2023
realmanubhaker,144465,879,1864,75,2,976771469765160960,3/29/2023
manikabatra_TT,163887,435,2385,107,2,988671212216897537,3/29/2023
babamba2020,64291,2185,51399,365,11,261727021,3/29/2023
bestrongnow,48286,1888,87303,222,11,132591895,3/29/2023
imagolog,111047,195,6773,550,11,71793919,3/29/2023
wafflerica,3468,1714,3425,70,11,17061303,3/29/2023
andreas_lo,3878,2480,3075,118,13,4688401,3/29/2023
plspreeti,20209,298,21688,55,12,43293373,3/29/2023
PreetiJha,4113,3994,1976,132,13,28430142,3/29/2023
lukeanthonyhunt,19175,2714,3614,256,13,248001658,3/29/2023
sstrangio,14361,1577,16015,306,13,55191191,3/29/2023
prakchanthul,18352,3913,5820,245,13,228948446,3/29/2023
Shika42516408,181269,84,586,923,5,1109000851358519296,3/29/2023
veracruz777,13371,4708,250363,138,4,100899292,3/29/2023
SamuelBickett,21698,392,1871,73,11,1548159062,3/29/2023
imma__jp,10874,161,1397,72,5,1017271237762953216,3/29/2023
GracyBitget,200282,208,968,54,9,723224444752158720,3/29/2023
joandthezhus,4291,1681,515,71,9,1126890737809772544,3/29/2023
nutchlimited,25007,1487,47131,11,7,2594068573,3/29/2023
Eaaaw,105181,1132,93557,94,15,2286750120,3/29/2023
victorrhan,119913,844,30664,35,10,751982203018543104,3/29/2023
ceemeagain,373043,1814,14109,1333,1,16851578,3/29/2023
suthichai,3102562,2831,114112,5355,1,12425692,3/29/2023
Woodytalk,3337830,1153,20825,3519,1,21539210,3/29/2023
panraphee,1325763,183,35866,1447,1,56156439,3/29/2023
ninanaka,717754,708,81949,1122,1,50845248,3/29/2023
dew_jsu,920673,34,452,411,12,906310748564971520,3/29/2023
PuimekSter,740353,417,92387,262,5,182279606,3/29/2023
MookWorranit,1459578,425,60331,295,12,139379061,3/29/2023
FiatAngelo,1496201,151,20463,618,12,2983484922,3/29/2023
ssingss,1111200,202,14668,669,12,2324101986,3/29/2023
tontawan_t,418333,252,57808,269,1,307782840,3/29/2023
view_benyapa,69936,121,1702,93,1,1044173902468067328,3/29/2023
VernLoveis,10081,192,56233,16,5,158024511,3/29/2023
Toptap_jirakit,1192165,313,35587,801,5,1659753438,3/29/2023
piiazzetta,8644,412,18212,26,3,172705160,3/29/2023
marauisxx,114749,859,29257,159,3,543901322,3/29/2023
Hamkdy_,134124,1614,85853,75,5,784219207474950144,3/29/2023
a_happy_color,28493,159,2187,130,3,1378368477044514816,3/29/2023
charoenpura,494647,433,28643,217,5,957779174726356992,3/29/2023
sayompoo_eric,46649,1423,96460,46,13,4912566457,3/29/2023
bkksnow,349926,1741,9592,259,15,86658130,3/29/2023
kathyjah,2580,2104,6365,55,9,125350320,3/29/2023
TAXBugnoms,85083,0,4672,92,14,1016162716434640896,3/29/2023
_annabellehuang,3927,677,423,67,14,110318853,3/29/2023
8sianmom,10119,2446,10731,41,9,95370227,3/29/2023
Chewtoro,54189,2361,16111,221,5,38639301,3/29/2023
MsF0m0,8936,2392,9309,18,5,1485201703347830790,3/29/2023
ellaces,2718,1512,10444,16,3,1437398777409671168,3/29/2023
tongtongbee,7232,1169,1053,120,9,4847257392,3/29/2023
zenaschin,1425,977,4527,30,15,940225472,3/29/2023
stylebymandii,15578,483,5712,12,5,4136277854,3/29/2023
kahei_art,4367,2755,5518,20,3,1484501868525264896,3/29/2023
two_tall_travel,2739,1802,4706,66,7,4079163014,3/29/2023
laviezine,5661,2947,50407,18,7,3637843213,3/29/2023
inkmodel,14378,1247,7171,9,3,66126858,3/29/2023
RichardBarrow,203661,198,106352,2415,7,72888855,3/29/2023
Saksith,18973,772,46081,578,13,3618041,3/29/2023
Thai_Talk,40508,1073,179779,492,11,116141566,3/29/2023
TheLilyfish,5472,3545,17530,208,13,298478363,3/29/2023
Pink_Siripipat,19873,599,35465,93,9,84077357,3/29/2023
Kunthida_FWP,96409,555,6664,102,14,123907907,3/29/2023
WPabuprapap,36736,623,9315,105,13,1223473075057881096,3/29/2023
kongchanut,14474,342,3440,21,10,396371797,3/29/2023
JakkritTomTom,291183,2038,156637,161,12,68178222,3/29/2023
afdlinshauki,584705,1762,16491,626,7,23463101,3/29/2023
afdlinshauki,584808,1762,16490,627,7,23463101,3/28/2023
anaraffali,370657,769,22068,340,1,28177296,3/28/2023
iamkamyapunjabi,361768,140,7950,111,14,2286516338,3/28/2023
inchchua,4195,570,559,94,12,83816651,3/28/2023
wordweed,2646,398,47992,8,12,46895632,3/28/2023
Kokilaparvathi,2502,363,779,15,12,483563636,3/28/2023
jolovanwham,5483,349,2486,46,5,2832429217,3/28/2023
RidhwanAzman,22564,814,41646,31,5,341629045,3/28/2023
mrbrown,415920,7500,65467,1238,10,574253,3/28/2023
angjunyang,4166,265,3751,57,12,58861733,3/28/2023
patrinechoo,2189,422,1266,7,12,1462075812039987209,3/28/2023
Superprincessjo,2015,149,16639,50,14,161254396,3/28/2023
realsehajpal,120857,28,3280,31,14,1083344415656214528,3/28/2023
TheNishantBhat,43363,78,1252,6,16,1423333290224721921,3/28/2023
rahulrrangari,1056,1429,479,0,7,1404795614953676807,3/28/2023
PrernaSehajpal,37528,9,5759,5,10,1427994869260193795,3/28/2023
GAUAHAR_KHAN,3047397,223,17906,532,15,155561448,3/28/2023
ShamitaShetty,142404,60,6296,107,10,3251305220,3/28/2023
aneri_vajani,32514,402,6079,42,5,132445843,3/28/2023
Devoleena_23,98845,187,10806,65,5,96135256,3/28/2023
teemusphoto,38525,278,3588,448,8,838056188277370880,3/28/2023
realcheraims,75124,363,6558,29,14,1331447852657123329,3/28/2023
nyaoayn,105812,280,20445,1192,9,181066414,3/28/2023
shiifoncake,113065,262,7567,1270,5,1153914005532004352,3/28/2023
uyjpn,53527,838,35922,690,9,1301428310975500288,3/28/2023
deweysim,4753,1452,623,67,8,69835675,3/28/2023
iamfarahlola,12255,189,2815,16,8,1014237696565235713,3/28/2023
kixes,30288,1102,99289,437,5,27182288,3/28/2023
sezairi,51044,691,21264,129,8,36800569,3/28/2023
FishMonkeyCow_,12652,453,2389,141,5,967218195986751490,3/28/2023
wwwwww1101,2229,78,8808,2,5,925658166024478720,3/28/2023
Mindpatsrvl,103271,73,838,89,15,1305070471663083521,3/28/2023
JCharoensiri,7843,335,3301,56,11,131502046,3/28/2023
JamesPanumas,6943,22,444,4,2,1241426284720181248,3/28/2023
yamyummy,100898,839,233321,43,2,100221994,3/28/2023
thecuriousdan2,13217,187,29749,12,11,1409042869378191365,3/28/2023
HappyBongbongus,2881,304,935,5,11,939812855783636995,3/28/2023
iLawclub,239336,315,21609,375,11,61760897,3/28/2023
NaomiNeo_,416646,600,40814,161,11,57034487,3/28/2023
speishi,162557,60,68644,70,13,91573146,3/28/2023
Jinnyboy,278769,764,26421,193,12,18917343,3/28/2023
dmingthing,10313,259,32074,36,13,87653986,3/28/2023
toshrock,293314,545,28777,132,13,67577830,3/28/2023
JoakimGomez,18795,1290,33953,25,13,325059717,3/28/2023
mingasaur,4562,419,27088,12,13,76295041,3/28/2023
DanialRon,11334,1032,75503,32,5,65365894,3/28/2023
fayhokulani,5856,265,8877,96,4,17357808,3/28/2023
WildpipM,593663,554,4290,951,11,1122732866,3/28/2023
djhollyj,3205,101,3212,18,7,54016272,3/28/2023
narellekheng,12586,480,1151,30,10,146437142,3/28/2023
cram_box,119794,785,43873,1318,9,172385031,3/28/2023
Hisa0808,143030,849,36378,1383,9,851799747937550336,3/28/2023
DesmondDoss555,15630,99,1314,209,14,1400453100217913351,3/28/2023
mirabai_chanu,431939,421,2231,140,15,997046099088166912,3/28/2023
MangteC,1477045,45,1331,273,1,334430754,3/28/2023
NicolDavid,305058,308,5630,331,1,58233846,3/28/2023
virenrasquinha,179821,909,6610,137,1,160244513,3/28/2023
SakshiMalik,538454,192,1015,210,1,728173090027520000,3/28/2023
ararewoman,3878,3109,18998,18,1,764628864140189696,3/28/2023
cottoncandyme7,1388,489,14737,1,12,367138498,3/28/2023
DrShawnPaul,3483,1750,3074,7,5,1444499792189542400,3/28/2023
HugeJackoNFT,5026,613,676,3,12,158790527,3/28/2023
_LoveMy_Beautyy,2999,1764,92068,5,12,1529672863,3/28/2023
ThaiTrainGuide,6121,16,3357,46,12,1519829986752208897,3/28/2023
AlfieJapanorama,10426,2638,106901,233,1,81983730,3/28/2023
PaprikaGirl_JP,10311,1416,38174,106,1,946669879385456640,3/28/2023
mrjeffu,14297,2363,9198,222,5,15709520,3/28/2023
kawaiihanachiya,23593,24398,39126,91,5,141734114,3/28/2023
noealz,46586,3343,19730,592,3,283244090,3/28/2023
JJ_Lin,1081390,123,9017,1333,3,25497636,3/28/2023
marklee4444,5468,419,1736,10,5,1513141364350889989,3/28/2023
veratheape,30482,1754,3350,108,3,1357202360292941826,3/28/2023
Jungkook_SNS,74676,156,25485,751,5,1226493993141145601,3/28/2023
nameweemusic,15920,933,3996,92,11,194521830,3/28/2023
nuishow,339241,822,72477,1173,1,14697365,3/28/2023
AvaniLekhara,62401,131,556,37,10,836484306126139392,3/28/2023
lakshya_sen,60468,64,607,48,13,932617429208915969,3/28/2023
heyitssharla,156421,194,52273,538,9,555702683,3/28/2023
dhruvkapilaa,832,142,114,6,7,2341671930,3/28/2023
zicoofficial_,151406,116,2787,19,5,1385295014507384834,3/28/2023
TrulyNoah,165068,322,17594,66,5,519332561,3/28/2023
syasyapuff,666,672,17614,8,3,25503818,3/28/2023
Real_n3xt,9162,1043,21989,44,9,3087421864,3/28/2023
cheesie,23460,123,28198,261,15,8552342,3/28/2023
EmirichuYT,510283,954,11084,502,5,893714295564910592,3/28/2023
wolfychuuu,166932,173,3162,280,3,902059487065915396,3/28/2023
Merryweatherey,1129345,993,12869,2308,7,2463867379,3/28/2023
Norman_Maggot,272217,3772,41730,1240,7,63025162,3/28/2023
ProjektMelody,618956,1520,10549,1549,3,1148121315943075841,3/28/2023
CovfefeChan,363516,502,91460,651,7,1049054859520090113,3/28/2023
Veibae,549002,492,5467,1452,13,777264456871149568,3/28/2023
jaiyieee,1620137,193,69843,58,11,317755902,3/28/2023
surayaror,65479,2191,60462,291,13,2673974569,3/28/2023
melatinungsari,6350,4982,35721,30,9,738504995759263744,3/28/2023
ieralee,10109,1312,18127,24,14,4046817679,3/28/2023
ruffleseed,16861,663,48213,46,13,19145055,3/28/2023
dririshsea,11253,727,3763,88,10,565166250,3/28/2023
fadzlirozan,550,1366,3018,1,12,1497833120,3/28/2023
DavidInglesTV,67189,2167,9989,1358,14,496997835,3/28/2023
parrysingh,26752,1003,16620,197,15,15143770,3/28/2023
Sun_Paisan,5898,519,7101,16,9,1153563669285916672,3/28/2023
johnwinyu,2015707,1551,124701,1018,1,58219570,3/28/2023
cnew888,405674,202,14433,69,1,2887191906,3/28/2023
gourmetmei,133065,333,780,125,5,1413497060058288135,3/28/2023
akidearest,547953,474,1596,607,8,2281401692,3/28/2023
donbelleluvver,4449,267,69418,7,12,1371464233469177860,3/28/2023
donstutoch4ever,2749,882,30074,1,12,1523597389801549825,3/28/2023
mainedcm,6728107,355,4559,1698,12,63701775,3/28/2023
maymayentrata07,2843801,163,2781,161,5,803199792369180673,3/28/2023
ZeinabHarake11,7398518,84,605,145,5,991958674909286400,3/28/2023
mikslmnc,3977892,1240,18354,148,10,1000229461856530432,3/28/2023
MissMarisRacal,3913143,550,14398,265,12,628808642,3/28/2023
princess_thea14,1335998,14,2175,36,12,1180262001253089280,3/28/2023
irene_sukandar,23791,406,3141,80,14,151561894,3/28/2023
adhibanchess,28816,512,1052,231,14,3086225424,3/28/2023
TaniaSachdev,63744,198,5432,628,14,1886392608,3/28/2023
DJRayRay_Taiwan,5083,889,7847,40,16,340244679,3/28/2023
woiiw,101814,40818,2578,208,10,430192464,3/28/2023
mattvsjapan,13190,358,2278,77,15,4634333330,3/28/2023
ryotarosjapan,26829,33,214,47,10,1337610818649636864,3/28/2023
rurusama9,88710,326,3911,79,5,1020642030840569856,3/28/2023
ruruspiano,15375,52,432,47,5,992661699009306624,3/28/2023
SS_utr3N,19394,36,3159,106,8,1009401802603704320,3/28/2023
jennykyros68,12221,131,203,71,14,1407290260791316480,3/28/2023
timmtsai,18643,198,317,6,9,1455747005850869769,3/28/2023
TheAn1meMan,942864,400,4932,1050,8,1651594488,3/28/2023
GiggukAZ,851376,611,6361,917,8,228456219,3/28/2023
GracyBitget,199220,206,946,54,9,723224444752158720,3/28/2023
CDawgVA,888798,934,21529,884,10,43596071,3/28/2023
terenceleejx,7505,1978,9931,305,9,44078181,3/28/2023
Irenezhao_,192779,318,2245,818,5,1366964220768776192,3/28/2023
Vhmq_,5906,379,324,26,5,1492794667473141761,3/28/2023
alinaamir,2835,1941,6909,14,15,29065360,3/28/2023
minavesguerra,6197,1392,169848,150,11,127871205,3/28/2023
realmanubhaker,144448,880,1860,75,2,976771469765160960,3/28/2023
manikabatra_TT,163865,435,2385,107,2,988671212216897537,3/28/2023
babamba2020,64293,2184,51394,364,11,261727021,3/28/2023
bestrongnow,48283,1888,87294,222,11,132591895,3/28/2023
imagolog,111054,195,6773,550,11,71793919,3/28/2023
wafflerica,3468,1711,3425,70,11,17061303,3/28/2023
andreas_lo,3879,2480,3075,118,13,4688401,3/28/2023
plspreeti,20211,298,21688,56,12,43293373,3/28/2023
PreetiJha,4114,3994,1976,132,13,28430142,3/28/2023
lukeanthonyhunt,19176,2713,3613,256,13,248001658,3/28/2023
sstrangio,14359,1577,16015,306,13,55191191,3/28/2023
prakchanthul,18356,3911,5817,245,13,228948446,3/28/2023
Shika42516408,181274,84,586,924,5,1109000851358519296,3/28/2023
veracruz777,13370,4706,250144,137,4,100899292,3/28/2023
SamuelBickett,21675,391,1867,73,11,1548159062,3/28/2023
AbroadInJapan,430753,212,9215,668,7,1659679688,3/28/2023
imma__jp,10859,159,1393,68,5,1017271237762953216,3/28/2023
joandthezhus,4285,1674,515,71,9,1126890737809772544,3/28/2023
PavinKyoto,529353,547,2459,162,11,964172701794369537,3/28/2023
nutchlimited,24992,1487,47123,11,7,2594068573,3/28/2023
Eaaaw,105123,1132,93515,94,15,2286750120,3/28/2023
victorrhan,120027,844,30661,35,10,751982203018543104,3/28/2023
ceemeagain,373137,1814,14109,1334,1,16851578,3/28/2023
suthichai,3103344,2831,114098,5359,1,12425692,3/28/2023
Woodytalk,3338445,1153,20824,3519,1,21539210,3/28/2023
panraphee,1326195,183,35866,1448,1,56156439,3/28/2023
ninanaka,717960,708,81948,1122,1,50845248,3/28/2023
dew_jsu,919265,34,452,408,12,906310748564971520,3/28/2023
PuimekSter,740139,417,92385,261,5,182279606,3/28/2023
MookWorranit,1458433,425,60327,294,12,139379061,3/28/2023
FiatAngelo,1495775,151,20458,616,12,2983484922,3/28/2023
ssingss,1110713,202,14668,666,12,2324101986,3/28/2023
tontawan_t,417785,252,57811,267,1,307782840,3/28/2023
view_benyapa,69461,121,1700,90,1,1044173902468067328,3/28/2023
VernLoveis,10087,192,56204,16,5,158024511,3/28/2023
Toptap_jirakit,1191590,313,35587,799,5,1659753438,3/28/2023
piiazzetta,8643,412,18205,26,3,172705160,3/28/2023
marauisxx,114586,857,29186,159,3,543901322,3/28/2023
Hamkdy_,134037,1614,85829,75,5,784219207474950144,3/28/2023
a_happy_color,28443,159,2183,128,3,1378368477044514816,3/28/2023
charoenpura,494689,433,28643,217,5,957779174726356992,3/28/2023
sayompoo_eric,46607,1423,96328,48,13,4912566457,3/28/2023
bkksnow,349892,1741,9591,261,15,86658130,3/28/2023
kathyjah,2578,2104,6363,54,9,125350320,3/28/2023
TAXBugnoms,85048,0,4672,92,14,1016162716434640896,3/28/2023
_annabellehuang,3930,676,423,67,14,110318853,3/28/2023
8sianmom,10092,2446,10730,40,9,95370227,3/28/2023
Chewtoro,54308,2360,16109,221,5,38639301,3/28/2023
MsF0m0,8932,2390,9300,18,5,1485201703347830790,3/28/2023
ellaces,2718,1508,10433,16,3,1437398777409671168,3/28/2023
tongtongbee,7230,1169,1051,120,9,4847257392,3/28/2023
zenaschin,1425,977,4529,30,15,940225472,3/28/2023
stylebymandii,15648,483,5712,12,5,4136277854,3/28/2023
kahei_art,4419,2755,5513,20,3,1484501868525264896,3/28/2023
two_tall_travel,2739,1803,4706,66,7,4079163014,3/28/2023
laviezine,5663,2947,50377,19,7,3637843213,3/28/2023
inkmodel,14370,1247,7166,9,3,66126858,3/28/2023
RichardBarrow,203692,198,106348,2415,7,72888855,3/28/2023
Saksith,18970,772,46081,578,13,3618041,3/28/2023
Thai_Talk,40500,1073,179764,492,11,116141566,3/28/2023
TheLilyfish,5471,3542,17530,208,13,298478363,3/28/2023
Pink_Siripipat,19873,599,35453,93,9,84077357,3/28/2023
Kunthida_FWP,96401,553,6644,102,14,123907907,3/28/2023
WPabuprapap,36685,622,9307,105,13,1223473075057881096,3/28/2023
kongchanut,14479,342,3437,21,10,396371797,3/28/2023
JakkritTomTom,291212,2038,156615,161,12,68178222,3/28/2023
weeranan,130211,2046,92030,252,7,234274515,3/28/2023
